method,family,instance,n,query_index,gamma_0,gamma_1,gamma_2,beta_0,beta_1,beta_2,ratio,best_so_far,graph_seed
random,ER,0,14,0,0.431487,1.746901,0.217240,0.571785,1.702059,1.978798,0.715050,0.715050,369072698
random,ER,0,14,1,3.047966,1.660533,1.245482,1.591215,0.989687,0.191363,0.697951,0.715050,369072698
random,ER,0,14,2,0.087633,2.697404,3.042743,2.137836,0.391069,1.481900,0.798316,0.798316,369072698
random,ER,0,14,3,2.194221,2.588135,2.563683,0.321932,1.555172,0.699582,0.701816,0.798316,369072698
random,ER,0,14,4,0.056916,2.247197,2.956100,2.434657,2.172295,1.566569,0.704225,0.798316,369072698
random,ER,0,14,5,0.566150,1.046518,1.290871,1.361401,0.993520,1.771606,0.676807,0.798316,369072698
random,ER,0,14,6,2.408792,1.330918,2.311930,0.298499,2.484074,1.813985,0.703468,0.798316,369072698
random,ER,0,14,7,2.239455,1.733769,0.877734,0.907518,0.050286,0.001174,0.688425,0.798316,369072698
random,ER,0,14,8,1.946133,1.472211,3.051274,3.105955,0.776628,1.355086,0.734136,0.798316,369072698
random,ER,0,14,9,2.140069,0.919175,1.834717,2.212923,0.814068,2.003905,0.698687,0.798316,369072698
random,ER,0,14,10,2.910226,0.590296,1.342080,1.150201,2.633771,0.865088,0.703124,0.798316,369072698
random,ER,0,14,11,1.065623,1.758643,0.603979,2.826894,0.854256,1.794659,0.699354,0.798316,369072698
random,ER,0,14,12,2.402010,1.175212,0.081823,2.087531,1.325419,0.597905,0.711582,0.798316,369072698
random,ER,0,14,13,1.235237,1.441207,2.730850,2.486944,1.990314,2.182621,0.700526,0.798316,369072698
random,ER,0,14,14,2.861975,1.052737,1.386072,2.532250,2.648139,0.800045,0.701440,0.798316,369072698
random,ER,0,14,15,1.608927,0.551590,0.239595,2.302808,0.137238,1.293719,0.700162,0.798316,369072698
random,ER,0,14,16,2.678905,0.286873,1.178439,0.114646,2.646682,1.025348,0.693436,0.798316,369072698
random,ER,0,14,17,3.126576,2.102352,3.090968,1.807396,0.556623,0.099188,0.675771,0.798316,369072698
heuristic,ER,0,14,0,0.455626,0.917337,1.058561,0.502607,0.494517,0.937780,0.691312,0.691312,369072698
heuristic,ER,0,14,1,0.390483,0.944347,1.071827,0.544478,0.477706,0.894389,0.692272,0.692272,369072698
heuristic,ER,0,14,2,0.427830,0.917245,1.131501,0.546087,0.343697,0.891811,0.697145,0.697145,369072698
heuristic,ER,0,14,3,0.479521,0.856615,1.085484,0.566544,0.456389,1.004048,0.696043,0.697145,369072698
heuristic,ER,0,14,4,0.375554,0.905248,1.082172,0.488685,0.560968,0.971255,0.693447,0.697145,369072698
heuristic,ER,0,14,5,0.497455,0.982178,1.037992,0.487632,0.530473,0.926156,0.690860,0.697145,369072698
heuristic,ER,0,14,6,0.531428,0.969739,0.982761,0.641409,0.542009,0.865745,0.688763,0.697145,369072698
heuristic,ER,0,14,7,0.517641,0.940170,1.031062,0.524830,0.510488,0.927683,0.689828,0.697145,369072698
heuristic,ER,0,14,8,0.542724,0.937493,1.035553,0.534893,0.503229,1.013413,0.691900,0.697145,369072698
heuristic,ER,0,14,9,0.476947,1.006692,1.058390,0.489475,0.427335,0.964386,0.695176,0.697145,369072698
heuristic,ER,0,14,10,0.489858,0.862905,1.057867,0.473196,0.478680,0.941344,0.690513,0.697145,369072698
heuristic,ER,0,14,11,0.489088,1.028123,0.987786,0.568547,0.540530,0.983604,0.689788,0.697145,369072698
heuristic,ER,0,14,12,0.481698,0.869260,1.047318,0.512829,0.485193,0.958387,0.690389,0.697145,369072698
heuristic,ER,0,14,13,0.385363,0.895184,1.023890,0.477506,0.441460,0.930661,0.688403,0.697145,369072698
heuristic,ER,0,14,14,0.452281,0.968924,1.021864,0.509359,0.460428,0.886061,0.690390,0.697145,369072698
heuristic,ER,0,14,15,0.435415,0.925023,1.010604,0.465067,0.424440,0.977344,0.690900,0.697145,369072698
heuristic,ER,0,14,16,0.389189,0.863023,1.077572,0.457877,0.477468,0.945508,0.692569,0.697145,369072698
heuristic,ER,0,14,17,0.424841,0.866797,1.044899,0.537476,0.612740,0.900300,0.689840,0.697145,369072698
knn,ER,0,14,0,0.980249,1.455405,1.790560,0.643236,1.047920,0.949818,0.697339,0.697339,369072698
knn,ER,0,14,1,1.006668,1.428485,1.815426,0.611410,1.023832,0.945413,0.697423,0.697423,369072698
knn,ER,0,14,2,0.971424,1.457233,1.852464,0.702101,1.114201,0.979732,0.697983,0.697983,369072698
knn,ER,0,14,3,0.960024,1.444265,1.744252,0.684386,1.023167,0.933178,0.697423,0.697983,369072698
knn,ER,0,14,4,1.016304,1.468493,1.801594,0.579865,1.073230,0.905072,0.697284,0.697983,369072698
knn,ER,0,14,5,0.966075,1.474455,1.793056,0.624679,1.069107,0.964138,0.697322,0.697983,369072698
knn,ER,0,14,6,0.957391,1.447904,1.778997,0.624593,1.040290,0.932197,0.697220,0.697983,369072698
knn,ER,0,14,7,1.015211,1.387963,1.788313,0.666537,1.039551,1.004776,0.697276,0.697983,369072698
knn,ER,0,14,8,1.029084,1.466588,1.772529,0.638527,1.037761,0.941169,0.697270,0.697983,369072698
knn,ER,0,14,9,1.002185,1.516902,1.784768,0.641481,1.032920,0.977385,0.697569,0.697983,369072698
knn,ER,0,14,10,0.971361,1.457228,1.789402,0.650488,1.060956,0.912129,0.697317,0.697983,369072698
knn,ER,0,14,11,0.976716,1.427029,1.737940,0.633994,1.062841,0.906667,0.696898,0.697983,369072698
knn,ER,0,14,12,0.971577,1.487075,1.797780,0.586945,1.092427,0.961187,0.697331,0.697983,369072698
knn,ER,0,14,13,0.989170,1.428651,1.822564,0.675836,1.054645,0.962595,0.697792,0.697983,369072698
knn,ER,0,14,14,0.972413,1.448420,1.746272,0.616971,1.077119,0.932180,0.696916,0.697983,369072698
knn,ER,0,14,15,1.009600,1.473241,1.809791,0.664708,1.000386,0.940397,0.697677,0.697983,369072698
knn,ER,0,14,16,0.985731,1.468547,1.804548,0.716571,1.033747,0.967519,0.698094,0.698094,369072698
knn,ER,0,14,17,0.949072,1.489730,1.776267,0.636984,1.005554,0.984190,0.697483,0.698094,369072698
tqa,ER,0,14,0,0.125000,0.375000,0.625000,0.625000,0.375000,0.125000,0.894065,0.894065,369072698
tqa,ER,0,14,1,0.130505,0.373205,0.657400,0.645301,0.392324,0.093620,0.878882,0.894065,369072698
tqa,ER,0,14,2,0.112784,0.383082,0.665293,0.621001,0.349571,0.161941,0.900214,0.900214,369072698
tqa,ER,0,14,3,0.145384,0.414058,0.616677,0.675031,0.387195,0.047462,0.863045,0.900214,369072698
tqa,ER,0,14,4,0.138646,0.365927,0.638992,0.617625,0.362215,0.112541,0.890371,0.900214,369072698
tqa,ER,0,14,5,0.105015,0.338525,0.606676,0.588736,0.363430,0.113883,0.886519,0.900214,369072698
tqa,ER,0,14,6,0.134010,0.412567,0.610534,0.600375,0.365066,0.036463,0.870623,0.900214,369072698
tqa,ER,0,14,7,0.154813,0.364462,0.627099,0.663189,0.346739,0.171018,0.897853,0.900214,369072698
tqa,ER,0,14,8,0.171311,0.420998,0.659346,0.639511,0.346618,0.119340,0.897903,0.900214,369072698
tqa,ER,0,14,9,0.140953,0.380706,0.640902,0.628885,0.360542,0.148986,0.901398,0.901398,369072698
tqa,ER,0,14,10,0.136761,0.418354,0.592805,0.655467,0.316090,0.137413,0.895074,0.901398,369072698
tqa,ER,0,14,11,0.099731,0.320620,0.610795,0.596935,0.425767,0.086367,0.864075,0.901398,369072698
tqa,ER,0,14,12,0.084650,0.374496,0.630352,0.612043,0.355983,0.131767,0.891684,0.901398,369072698
tqa,ER,0,14,13,0.152633,0.351253,0.650176,0.635730,0.367445,0.110844,0.884396,0.901398,369072698
tqa,ER,0,14,14,0.146660,0.439841,0.623192,0.679736,0.409279,0.122091,0.888899,0.901398,369072698
tqa,ER,0,14,15,0.148608,0.371886,0.589701,0.638125,0.384737,0.130194,0.895826,0.901398,369072698
tqa,ER,0,14,16,0.156030,0.348169,0.630736,0.597001,0.421489,0.135750,0.893584,0.901398,369072698
tqa,ER,0,14,17,0.173838,0.376062,0.656363,0.606773,0.357322,0.107854,0.894235,0.901398,369072698
gnn_point,ER,0,14,0,1.005250,1.257865,2.155344,1.441379,0.616278,0.141888,0.707126,0.707126,369072698
gnn_point,ER,0,14,1,1.074484,1.269266,2.122462,1.360056,0.531200,0.074030,0.710814,0.710814,369072698
gnn_point,ER,0,14,2,1.110176,1.187076,2.266387,1.447608,0.696233,0.162537,0.704876,0.710814,369072698
gnn_point,ER,0,14,3,1.071095,1.196244,2.178954,1.387096,0.608687,0.177493,0.707253,0.710814,369072698
gnn_point,ER,0,14,4,1.071801,1.266396,2.174584,1.361263,0.596018,0.052319,0.710174,0.710814,369072698
gnn_point,ER,0,14,5,0.976346,1.233332,2.214966,1.487329,0.641856,0.115795,0.705165,0.710814,369072698
gnn_point,ER,0,14,6,1.098051,1.313897,2.209855,1.456664,0.590676,0.138982,0.715539,0.715539,369072698
gnn_point,ER,0,14,7,0.939568,1.304467,2.055462,1.497025,0.724348,0.030520,0.702603,0.715539,369072698
gnn_point,ER,0,14,8,1.038955,1.194977,2.111199,1.525263,0.684116,0.188998,0.704678,0.715539,369072698
gnn_point,ER,0,14,9,0.979686,1.242349,2.116709,1.464591,0.593581,0.154249,0.705558,0.715539,369072698
gnn_point,ER,0,14,10,1.020321,1.346698,2.153477,1.536614,0.661255,0.019085,0.710767,0.715539,369072698
gnn_point,ER,0,14,11,1.014194,1.236538,2.174078,1.458866,0.608641,0.180471,0.706585,0.715539,369072698
gnn_point,ER,0,14,12,0.972853,1.167861,2.110911,1.437674,0.620320,0.116820,0.704080,0.715539,369072698
gnn_point,ER,0,14,13,0.926808,1.306229,2.178081,1.554825,0.549600,0.153796,0.708201,0.715539,369072698
gnn_point,ER,0,14,14,0.983222,1.224975,2.120839,1.473407,0.603862,0.141969,0.705365,0.715539,369072698
gnn_point,ER,0,14,15,1.030119,1.185084,2.124079,1.378586,0.606272,0.169338,0.706080,0.715539,369072698
gnn_point,ER,0,14,16,0.915390,1.338332,2.155308,1.431804,0.579141,0.180992,0.704524,0.715539,369072698
gnn_point,ER,0,14,17,0.934746,1.201839,2.189991,1.492409,0.567325,0.152413,0.702975,0.715539,369072698
uq_qaoa,ER,0,14,0,0.125000,0.375000,0.625000,0.625000,0.375000,0.125000,0.894065,0.894065,369072698
uq_qaoa,ER,0,14,1,0.130505,0.373205,0.657400,0.645301,0.392324,0.093620,0.878882,0.894065,369072698
uq_qaoa,ER,0,14,2,0.112784,0.383082,0.665293,0.621001,0.349571,0.161941,0.900214,0.900214,369072698
uq_qaoa,ER,0,14,3,0.145384,0.414058,0.616677,0.675031,0.387195,0.047462,0.863045,0.900214,369072698
uq_qaoa,ER,0,14,4,0.138646,0.365927,0.638992,0.617625,0.362215,0.112541,0.890371,0.900214,369072698
uq_qaoa,ER,0,14,5,0.105015,0.338525,0.606676,0.588736,0.363430,0.113883,0.886519,0.900214,369072698
uq_qaoa,ER,0,14,6,0.223904,0.560311,1.218002,0.586362,0.574320,0.662222,0.698732,0.900214,369072698
uq_qaoa,ER,0,14,7,1.005250,1.257865,2.155344,1.441379,0.616278,0.141888,0.707126,0.900214,369072698
uq_qaoa,ER,0,14,8,0.395057,0.521607,2.241090,0.486304,1.574727,1.270808,0.713597,0.900214,369072698
uq_qaoa,ER,0,14,9,0.455626,0.917337,1.058561,0.502607,0.494517,0.937780,0.691312,0.900214,369072698
uq_qaoa,ER,0,14,10,0.260930,0.383082,0.665293,0.621001,0.349571,0.161941,0.902858,0.902858,369072698
uq_qaoa,ER,0,14,11,0.260930,0.604463,0.665293,0.621001,0.349571,0.161941,0.887338,0.902858,369072698
uq_qaoa,ER,0,14,12,0.260930,0.161701,0.665293,0.621001,0.349571,0.161941,0.764388,0.902858,369072698
uq_qaoa,ER,0,14,13,0.260930,0.383082,0.867480,0.621001,0.349571,0.161941,0.882573,0.902858,369072698
uq_qaoa,ER,0,14,14,0.260930,0.383082,0.463106,0.621001,0.349571,0.161941,0.900860,0.902858,369072698
uq_qaoa,ER,0,14,15,0.260930,0.383082,0.665293,0.744260,0.349571,0.161941,0.862237,0.902858,369072698
uq_qaoa,ER,0,14,16,0.260930,0.383082,0.665293,0.497742,0.349571,0.161941,0.921109,0.921109,369072698
uq_qaoa,ER,0,14,17,0.260930,0.383082,0.665293,0.497742,0.496442,0.161941,0.899800,0.921109,369072698
random,ER,1,14,0,1.281719,1.934264,1.082270,1.206192,1.575309,2.557573,0.707022,0.707022,623198752
random,ER,1,14,1,0.306671,2.826269,2.674313,2.247142,1.022995,0.471217,0.682728,0.707022,623198752
random,ER,1,14,2,2.183458,2.913106,2.124485,0.661676,1.207035,0.333860,0.709241,0.709241,623198752
random,ER,1,14,3,2.619360,0.425560,1.291332,1.566273,2.690857,0.954130,0.705605,0.709241,623198752
random,ER,1,14,4,2.585703,1.457315,0.985754,0.133735,2.638296,0.539819,0.706727,0.709241,623198752
random,ER,1,14,5,1.352285,2.739832,1.230645,2.549110,0.287547,0.938759,0.707775,0.709241,623198752
random,ER,1,14,6,1.801395,1.338821,1.355623,0.499549,2.451279,1.425563,0.707353,0.709241,623198752
random,ER,1,14,7,0.345141,0.019613,1.360020,2.285281,1.043840,0.316534,0.778813,0.778813,623198752
random,ER,1,14,8,2.495700,0.579529,1.012130,2.641501,2.955696,1.956730,0.705454,0.778813,623198752
random,ER,1,14,9,1.471597,0.928265,2.774564,3.139441,2.624723,0.345208,0.688688,0.778813,623198752
random,ER,1,14,10,2.160607,1.342457,2.684398,1.316481,2.432620,0.031708,0.681937,0.778813,623198752
random,ER,1,14,11,1.722181,1.130371,2.318788,0.786301,1.554362,3.075009,0.706079,0.778813,623198752
random,ER,1,14,12,2.735634,2.531085,1.744731,3.128203,1.498737,1.849898,0.794163,0.794163,623198752
random,ER,1,14,13,1.275739,0.305952,0.714547,0.851624,2.291573,2.391460,0.700133,0.794163,623198752
random,ER,1,14,14,0.463211,1.049154,2.933077,0.891911,1.913408,1.901151,0.589886,0.794163,623198752
random,ER,1,14,15,0.332120,2.447297,1.816533,3.037595,1.172727,2.848374,0.700247,0.794163,623198752
random,ER,1,14,16,0.154718,2.771606,0.796853,0.905667,0.610503,1.857485,0.655441,0.794163,623198752
random,ER,1,14,17,1.515693,2.127983,0.856925,0.069149,1.060883,1.978969,0.695672,0.794163,623198752
heuristic,ER,1,14,0,0.455626,0.917337,1.058561,0.502607,0.494517,0.937780,0.685895,0.685895,623198752
heuristic,ER,1,14,1,0.482889,0.981016,1.098580,0.467856,0.512315,0.915265,0.691425,0.691425,623198752
heuristic,ER,1,14,2,0.420125,0.855382,1.086824,0.417711,0.461092,0.945096,0.682368,0.691425,623198752
heuristic,ER,1,14,3,0.388522,0.924985,0.974045,0.445669,0.515485,0.951490,0.671412,0.691425,623198752
heuristic,ER,1,14,4,0.420959,0.935403,0.951287,0.524638,0.492116,0.976432,0.675078,0.691425,623198752
heuristic,ER,1,14,5,0.502131,0.975449,1.023123,0.402324,0.488714,0.960265,0.683823,0.691425,623198752
heuristic,ER,1,14,6,0.437957,0.873285,0.959161,0.541311,0.565383,0.907770,0.673256,0.691425,623198752
heuristic,ER,1,14,7,0.416118,0.974960,1.039464,0.555760,0.518304,0.853149,0.690369,0.691425,623198752
heuristic,ER,1,14,8,0.436207,0.787962,1.075241,0.541187,0.397084,1.016237,0.689964,0.691425,623198752
heuristic,ER,1,14,9,0.487240,0.936455,1.120233,0.452768,0.431737,0.950374,0.691191,0.691425,623198752
heuristic,ER,1,14,10,0.446340,0.857377,1.052798,0.587281,0.475020,1.029726,0.687059,0.691425,623198752
heuristic,ER,1,14,11,0.423930,0.931808,0.961003,0.532797,0.425867,0.891271,0.683329,0.691425,623198752
heuristic,ER,1,14,12,0.428115,0.879515,1.015580,0.473075,0.578733,0.941678,0.675504,0.691425,623198752
heuristic,ER,1,14,13,0.441880,0.943594,1.005086,0.600331,0.506695,0.923879,0.684389,0.691425,623198752
heuristic,ER,1,14,14,0.437441,0.807332,1.091850,0.549796,0.483076,0.990293,0.688649,0.691425,623198752
heuristic,ER,1,14,15,0.530906,0.870020,1.004136,0.482394,0.533024,0.959596,0.679164,0.691425,623198752
heuristic,ER,1,14,16,0.614580,0.840398,1.053605,0.503702,0.542593,0.929381,0.687855,0.691425,623198752
heuristic,ER,1,14,17,0.429226,0.902455,0.977234,0.474543,0.480437,0.896148,0.677202,0.691425,623198752
knn,ER,1,14,0,1.078642,1.919248,2.150578,0.844186,0.987396,0.917858,0.706044,0.706044,623198752
knn,ER,1,14,1,1.127768,1.950625,2.153398,0.887619,1.050493,0.935876,0.706536,0.706536,623198752
knn,ER,1,14,2,1.090043,1.926572,2.154180,0.818576,1.014536,0.926658,0.706016,0.706536,623198752
knn,ER,1,14,3,1.045307,1.870637,2.129055,0.809536,1.035503,0.857886,0.705783,0.706536,623198752
knn,ER,1,14,4,1.083580,1.923282,2.136205,0.829660,0.961427,0.898432,0.705938,0.706536,623198752
knn,ER,1,14,5,1.037846,1.944825,2.184749,0.858391,1.014533,0.932966,0.705845,0.706536,623198752
knn,ER,1,14,6,1.081823,1.886644,2.135322,0.820258,1.004954,0.895082,0.706056,0.706536,623198752
knn,ER,1,14,7,1.055821,1.923448,2.191423,0.887044,1.014759,0.890204,0.706256,0.706536,623198752
knn,ER,1,14,8,1.093746,1.924081,2.127070,0.804357,0.971073,0.910102,0.705873,0.706536,623198752
knn,ER,1,14,9,1.102080,1.856393,2.133347,0.827430,0.967006,0.915304,0.706181,0.706536,623198752
knn,ER,1,14,10,1.049501,1.932840,2.154493,0.821843,0.933860,0.931107,0.705308,0.706536,623198752
knn,ER,1,14,11,1.054940,1.956119,2.166675,0.772938,1.023169,0.948478,0.705589,0.706536,623198752
knn,ER,1,14,12,1.069579,1.949223,2.150197,0.873471,1.005778,0.909158,0.706152,0.706536,623198752
knn,ER,1,14,13,1.111650,1.892542,2.086742,0.802818,1.018872,0.910511,0.706303,0.706536,623198752
knn,ER,1,14,14,1.066612,1.890080,2.113360,0.825110,1.040102,0.917749,0.705992,0.706536,623198752
knn,ER,1,14,15,1.079314,1.918108,2.125323,0.804620,1.000462,0.902748,0.705905,0.706536,623198752
knn,ER,1,14,16,1.054405,1.882563,2.167233,0.839909,0.947290,0.925082,0.705645,0.706536,623198752
knn,ER,1,14,17,1.111558,1.887278,2.119158,0.825247,1.001361,0.902576,0.706396,0.706536,623198752
tqa,ER,1,14,0,0.125000,0.375000,0.625000,0.625000,0.375000,0.125000,0.880247,0.880247,623198752
tqa,ER,1,14,1,0.131665,0.358104,0.676286,0.636515,0.428725,0.127780,0.870477,0.880247,623198752
tqa,ER,1,14,2,0.107982,0.363220,0.641134,0.579903,0.380768,0.115711,0.877676,0.880247,623198752
tqa,ER,1,14,3,0.073446,0.335483,0.625195,0.596818,0.394703,0.105253,0.868424,0.880247,623198752
tqa,ER,1,14,4,0.153060,0.371962,0.588524,0.642515,0.416634,0.139342,0.875990,0.880247,623198752
tqa,ER,1,14,5,0.095077,0.378899,0.643948,0.627165,0.367736,0.126428,0.880684,0.880684,623198752
tqa,ER,1,14,6,0.116633,0.302583,0.645282,0.602339,0.368499,0.133913,0.871660,0.880684,623198752
tqa,ER,1,14,7,0.163716,0.342076,0.637426,0.629505,0.396592,0.082154,0.856264,0.880684,623198752
tqa,ER,1,14,8,0.138801,0.353698,0.676350,0.611602,0.350631,0.146209,0.883064,0.883064,623198752
tqa,ER,1,14,9,0.075405,0.359379,0.626535,0.662243,0.325087,0.184438,0.885200,0.885200,623198752
tqa,ER,1,14,10,0.157760,0.388784,0.634390,0.601067,0.356542,0.142673,0.888567,0.888567,623198752
tqa,ER,1,14,11,0.135176,0.385216,0.609798,0.647340,0.327529,0.120869,0.879539,0.888567,623198752
tqa,ER,1,14,12,0.138341,0.348177,0.640023,0.600838,0.387011,0.118934,0.874515,0.888567,623198752
tqa,ER,1,14,13,0.113700,0.376345,0.612073,0.562348,0.385567,0.141053,0.885808,0.888567,623198752
tqa,ER,1,14,14,0.122327,0.410455,0.629390,0.650475,0.403229,0.109205,0.873128,0.888567,623198752
tqa,ER,1,14,15,0.110139,0.410531,0.613310,0.629683,0.352102,0.110768,0.880007,0.888567,623198752
tqa,ER,1,14,16,0.137654,0.357589,0.613637,0.688323,0.348693,0.038603,0.844395,0.888567,623198752
tqa,ER,1,14,17,0.172779,0.382549,0.612703,0.625125,0.351621,0.130821,0.882356,0.888567,623198752
gnn_point,ER,1,14,0,0.427905,2.600926,0.412056,1.361656,0.618033,0.163678,0.674459,0.674459,623198752
gnn_point,ER,1,14,1,0.376880,2.623067,0.544428,1.385135,0.614674,0.153430,0.660768,0.674459,623198752
gnn_point,ER,1,14,2,0.361400,2.551840,0.453287,1.314606,0.566761,0.091895,0.636103,0.674459,623198752
gnn_point,ER,1,14,3,0.404519,2.619157,0.403571,1.336798,0.656632,0.108002,0.677712,0.677712,623198752
gnn_point,ER,1,14,4,0.384980,2.582742,0.371740,1.360765,0.521238,0.117371,0.642737,0.677712,623198752
gnn_point,ER,1,14,5,0.474984,2.599796,0.495818,1.360027,0.603768,0.172048,0.664735,0.677712,623198752
gnn_point,ER,1,14,6,0.450281,2.604423,0.489530,1.393404,0.590959,0.140326,0.666795,0.677712,623198752
gnn_point,ER,1,14,7,0.434255,2.556294,0.374517,1.391681,0.609626,0.200996,0.680995,0.680995,623198752
gnn_point,ER,1,14,8,0.447142,2.570012,0.405286,1.356467,0.627850,0.150253,0.673346,0.680995,623198752
gnn_point,ER,1,14,9,0.385958,2.586374,0.317702,1.360976,0.645742,0.199783,0.688593,0.688593,623198752
gnn_point,ER,1,14,10,0.423981,2.611813,0.451591,1.475006,0.568584,0.230356,0.693236,0.693236,623198752
gnn_point,ER,1,14,11,0.401612,2.634668,0.415857,1.415818,0.595673,0.184535,0.684408,0.693236,623198752
gnn_point,ER,1,14,12,0.500416,2.605138,0.359587,1.367322,0.626127,0.138497,0.689023,0.693236,623198752
gnn_point,ER,1,14,13,0.344263,2.549746,0.325079,1.369471,0.581956,0.173315,0.668649,0.693236,623198752
gnn_point,ER,1,14,14,0.458904,2.512245,0.507907,1.399164,0.514670,0.141865,0.637272,0.693236,623198752
gnn_point,ER,1,14,15,0.494359,2.614879,0.531646,1.382366,0.638267,0.185535,0.677811,0.693236,623198752
gnn_point,ER,1,14,16,0.430858,2.577932,0.385472,1.353297,0.654335,0.168736,0.681466,0.693236,623198752
gnn_point,ER,1,14,17,0.598943,2.546242,0.363274,1.378384,0.684606,0.142334,0.702488,0.702488,623198752
uq_qaoa,ER,1,14,0,0.125000,0.375000,0.625000,0.625000,0.375000,0.125000,0.880247,0.880247,623198752
uq_qaoa,ER,1,14,1,0.131665,0.358104,0.676286,0.636515,0.428725,0.127780,0.870477,0.880247,623198752
uq_qaoa,ER,1,14,2,0.107982,0.363220,0.641134,0.579903,0.380768,0.115711,0.877676,0.880247,623198752
uq_qaoa,ER,1,14,3,0.073446,0.335483,0.625195,0.596818,0.394703,0.105253,0.868424,0.880247,623198752
uq_qaoa,ER,1,14,4,0.153060,0.371962,0.588524,0.642515,0.416634,0.139342,0.875990,0.880247,623198752
uq_qaoa,ER,1,14,5,0.095077,0.378899,0.643948,0.627165,0.367736,0.126428,0.880684,0.880684,623198752
uq_qaoa,ER,1,14,6,0.184802,0.972986,0.989578,0.717251,0.602393,0.679441,0.694668,0.880684,623198752
uq_qaoa,ER,1,14,7,0.427905,2.600926,0.412056,1.361656,0.618033,0.163678,0.674459,0.880684,623198752
uq_qaoa,ER,1,14,8,0.395057,2.751459,2.351241,0.672355,1.574727,1.270808,0.676124,0.880684,623198752
uq_qaoa,ER,1,14,9,0.455626,0.917337,1.058561,0.502607,0.494517,0.937780,0.685895,0.880684,623198752
uq_qaoa,ER,1,14,10,0.242962,0.378899,0.643948,0.627165,0.367736,0.126428,0.872448,0.880684,623198752
uq_qaoa,ER,1,14,11,0.000000,0.378899,0.643948,0.627165,0.367736,0.126428,0.869924,0.880684,623198752
uq_qaoa,ER,1,14,12,0.095077,0.600832,0.643948,0.627165,0.367736,0.126428,0.862773,0.880684,623198752
uq_qaoa,ER,1,14,13,0.095077,0.156967,0.643948,0.627165,0.367736,0.126428,0.817049,0.880684,623198752
uq_qaoa,ER,1,14,14,0.095077,0.378899,0.833167,0.627165,0.367736,0.126428,0.872236,0.880684,623198752
uq_qaoa,ER,1,14,15,0.095077,0.378899,0.454730,0.627165,0.367736,0.126428,0.872807,0.880684,623198752
uq_qaoa,ER,1,14,16,0.095077,0.378899,0.643948,0.750769,0.367736,0.126428,0.871868,0.880684,623198752
uq_qaoa,ER,1,14,17,0.095077,0.378899,0.643948,0.503561,0.367736,0.126428,0.884593,0.884593,623198752
random,REG,0,14,0,0.739079,2.512760,0.458642,0.618923,2.550119,2.834830,0.453404,0.453404,489888502
random,REG,0,14,1,2.634519,1.128596,1.357015,2.010874,1.640171,1.032056,0.736587,0.736587,489888502
random,REG,0,14,2,2.838831,1.215363,2.234606,2.329499,2.682949,1.247157,0.474728,0.736587,489888502
random,REG,0,14,3,2.107627,1.494033,0.327876,1.847479,0.395745,0.364766,0.548619,0.736587,489888502
random,REG,0,14,4,0.973335,1.106758,1.787039,0.172794,0.005218,2.513888,0.492561,0.736587,489888502
random,REG,0,14,5,1.963190,2.944355,2.508366,1.968494,0.277950,2.436918,0.517271,0.736587,489888502
random,REG,0,14,6,1.839955,3.019607,2.736125,2.979153,2.675881,0.685219,0.584393,0.736587,489888502
random,REG,0,14,7,1.942458,0.489622,1.213080,2.468688,2.509549,1.881787,0.526450,0.736587,489888502
random,REG,0,14,8,1.157107,1.619306,0.699066,2.165404,1.357041,1.387138,0.583233,0.736587,489888502
random,REG,0,14,9,0.764353,0.173272,0.631059,1.449537,1.245452,0.078420,0.373032,0.736587,489888502
random,REG,0,14,10,1.343956,2.145747,1.720680,0.334888,1.651543,2.388828,0.570597,0.736587,489888502
random,REG,0,14,11,1.884761,1.707594,1.519997,1.401933,0.052897,0.503876,0.486643,0.736587,489888502
random,REG,0,14,12,0.666132,0.494290,2.392588,1.593771,1.299730,2.579115,0.730039,0.736587,489888502
random,REG,0,14,13,0.386329,1.228076,2.203450,2.195190,2.589943,1.365985,0.516525,0.736587,489888502
random,REG,0,14,14,0.708537,0.940428,2.134233,1.831626,1.462034,2.479780,0.467959,0.736587,489888502
random,REG,0,14,15,2.465017,2.332566,2.165019,0.573804,1.550426,2.697602,0.642484,0.736587,489888502
random,REG,0,14,16,1.484723,1.787134,2.452036,0.926241,0.685919,0.559536,0.554651,0.736587,489888502
random,REG,0,14,17,1.348124,1.938327,2.043692,1.897347,2.542310,2.537554,0.591420,0.736587,489888502
heuristic,REG,0,14,0,0.455626,0.917337,1.058561,0.502607,0.494517,0.937780,0.485380,0.485380,489888502
heuristic,REG,0,14,1,0.419394,0.918940,0.977194,0.484546,0.493095,0.885174,0.518729,0.518729,489888502
heuristic,REG,0,14,2,0.417382,0.953753,1.046841,0.559563,0.412430,1.036493,0.522431,0.522431,489888502
heuristic,REG,0,14,3,0.407197,0.928153,0.982675,0.486794,0.595283,0.982689,0.477421,0.522431,489888502
heuristic,REG,0,14,4,0.398370,0.895731,1.030921,0.476043,0.486903,1.008771,0.490014,0.522431,489888502
heuristic,REG,0,14,5,0.406285,0.874523,1.008073,0.597807,0.469055,0.898286,0.511337,0.522431,489888502
heuristic,REG,0,14,6,0.427835,0.875744,0.918851,0.521534,0.609445,0.902572,0.500810,0.522431,489888502
heuristic,REG,0,14,7,0.483676,0.891894,1.038785,0.544580,0.596926,0.933141,0.468419,0.522431,489888502
heuristic,REG,0,14,8,0.403554,0.965737,0.965251,0.490884,0.527935,0.958974,0.504503,0.522431,489888502
heuristic,REG,0,14,9,0.418483,0.954112,1.006607,0.500896,0.528110,0.910909,0.503725,0.522431,489888502
heuristic,REG,0,14,10,0.466934,0.906447,1.019850,0.540759,0.447880,0.984428,0.493593,0.522431,489888502
heuristic,REG,0,14,11,0.453358,0.961586,1.090648,0.484429,0.467485,0.939003,0.489746,0.522431,489888502
heuristic,REG,0,14,12,0.460127,0.913196,1.084257,0.517241,0.532912,0.944979,0.474395,0.522431,489888502
heuristic,REG,0,14,13,0.490750,0.977990,1.035933,0.509062,0.451530,0.951572,0.494774,0.522431,489888502
heuristic,REG,0,14,14,0.362785,0.927878,1.028629,0.400554,0.425676,0.901094,0.530681,0.530681,489888502
heuristic,REG,0,14,15,0.486876,0.833472,1.053680,0.541313,0.400694,0.821202,0.533358,0.533358,489888502
heuristic,REG,0,14,16,0.448058,0.874596,1.139710,0.476433,0.410773,0.945921,0.496481,0.533358,489888502
heuristic,REG,0,14,17,0.478285,0.938956,1.020819,0.483134,0.464418,0.957249,0.493602,0.533358,489888502
knn,REG,0,14,0,0.993275,1.953658,1.326288,0.561760,0.896450,0.813754,0.560656,0.560656,489888502
knn,REG,0,14,1,1.004876,1.910566,1.376220,0.599294,0.946861,0.858115,0.564443,0.564443,489888502
knn,REG,0,14,2,1.036562,1.966533,1.301058,0.545644,0.888064,0.762517,0.556071,0.564443,489888502
knn,REG,0,14,3,0.985276,1.962972,1.307681,0.534858,0.886635,0.809158,0.561699,0.564443,489888502
knn,REG,0,14,4,1.006057,1.966944,1.333438,0.594506,0.860166,0.833268,0.563356,0.564443,489888502
knn,REG,0,14,5,1.008758,1.954721,1.356712,0.607747,0.898618,0.836628,0.561980,0.564443,489888502
knn,REG,0,14,6,0.975470,1.914050,1.309652,0.539989,0.891913,0.853107,0.566828,0.566828,489888502
knn,REG,0,14,7,0.987784,1.925148,1.323608,0.529440,0.921095,0.817179,0.560503,0.566828,489888502
knn,REG,0,14,8,0.964363,1.916573,1.309576,0.555226,0.913585,0.729877,0.549860,0.566828,489888502
knn,REG,0,14,9,0.964745,2.004527,1.376029,0.519377,0.933049,0.825179,0.557654,0.566828,489888502
knn,REG,0,14,10,1.003974,1.953531,1.307079,0.550209,0.907877,0.801279,0.558969,0.566828,489888502
knn,REG,0,14,11,0.970719,1.967356,1.331235,0.618675,0.877395,0.829921,0.562445,0.566828,489888502
knn,REG,0,14,12,0.994760,1.972694,1.311102,0.566893,0.888496,0.810598,0.560963,0.566828,489888502
knn,REG,0,14,13,1.020396,1.966257,1.272487,0.588740,0.831437,0.858813,0.568856,0.568856,489888502
knn,REG,0,14,14,1.020646,1.966893,1.331894,0.602214,0.901434,0.803916,0.558329,0.568856,489888502
knn,REG,0,14,15,1.023560,1.973177,1.381296,0.571094,0.947427,0.846032,0.561477,0.568856,489888502
knn,REG,0,14,16,1.025759,1.969616,1.311933,0.579070,0.912293,0.865161,0.566188,0.568856,489888502
knn,REG,0,14,17,1.000564,1.997717,1.320017,0.559301,0.892939,0.776436,0.555062,0.568856,489888502
tqa,REG,0,14,0,0.125000,0.375000,0.625000,0.625000,0.375000,0.125000,0.801694,0.801694,489888502
tqa,REG,0,14,1,0.141534,0.371453,0.621778,0.618225,0.377230,0.163158,0.819152,0.819152,489888502
tqa,REG,0,14,2,0.139976,0.347362,0.670597,0.638746,0.302324,0.114865,0.782365,0.819152,489888502
tqa,REG,0,14,3,0.169567,0.382160,0.669592,0.597375,0.351035,0.137424,0.816335,0.819152,489888502
tqa,REG,0,14,4,0.116863,0.361263,0.598947,0.657043,0.388887,0.151630,0.805130,0.819152,489888502
tqa,REG,0,14,5,0.107951,0.382784,0.608988,0.595733,0.389151,0.120674,0.804602,0.819152,489888502
tqa,REG,0,14,6,0.126672,0.432594,0.658457,0.610493,0.366977,0.043494,0.774011,0.819152,489888502
tqa,REG,0,14,7,0.149445,0.349087,0.603905,0.603832,0.382193,0.069606,0.754543,0.819152,489888502
tqa,REG,0,14,8,0.129349,0.358002,0.672327,0.636599,0.404623,0.104321,0.779864,0.819152,489888502
tqa,REG,0,14,9,0.117310,0.398498,0.626465,0.621456,0.331736,0.118890,0.806870,0.819152,489888502
tqa,REG,0,14,10,0.132541,0.349950,0.634639,0.639443,0.366656,0.128031,0.792424,0.819152,489888502
tqa,REG,0,14,11,0.139379,0.399845,0.593186,0.660792,0.357580,0.161956,0.820711,0.820711,489888502
tqa,REG,0,14,12,0.102243,0.390767,0.654951,0.604208,0.395660,0.146910,0.821624,0.821624,489888502
tqa,REG,0,14,13,0.053822,0.361699,0.557033,0.613730,0.401372,0.112535,0.792957,0.821624,489888502
tqa,REG,0,14,14,0.146193,0.366065,0.611254,0.629371,0.356886,0.083657,0.770777,0.821624,489888502
tqa,REG,0,14,15,0.100058,0.392968,0.624759,0.631153,0.395103,0.089479,0.787533,0.821624,489888502
tqa,REG,0,14,16,0.151050,0.359571,0.592024,0.659334,0.404261,0.088550,0.759820,0.821624,489888502
tqa,REG,0,14,17,0.176342,0.375131,0.613928,0.629102,0.400715,0.109893,0.782831,0.821624,489888502
gnn_point,REG,0,14,0,1.145241,1.370379,1.012320,0.251288,0.755847,0.775255,0.575158,0.575158,489888502
gnn_point,REG,0,14,1,1.161874,1.308076,1.048179,0.266243,0.821473,0.744344,0.579100,0.579100,489888502
gnn_point,REG,0,14,2,1.178258,1.408526,1.012943,0.274260,0.763514,0.762429,0.577643,0.579100,489888502
gnn_point,REG,0,14,3,1.088064,1.411910,1.037632,0.106068,0.776225,0.796559,0.558507,0.579100,489888502
gnn_point,REG,0,14,4,1.092325,1.509395,1.027174,0.223753,0.762787,0.813254,0.563258,0.579100,489888502
gnn_point,REG,0,14,5,1.170291,1.429403,1.096107,0.271100,0.834365,0.754349,0.573516,0.579100,489888502
gnn_point,REG,0,14,6,1.131957,1.377268,1.066031,0.276291,0.811783,0.694597,0.593706,0.593706,489888502
gnn_point,REG,0,14,7,1.123024,1.388958,0.955465,0.292362,0.687189,0.792529,0.582727,0.593706,489888502
gnn_point,REG,0,14,8,1.187968,1.300950,1.074039,0.263611,0.766410,0.818321,0.562465,0.593706,489888502
gnn_point,REG,0,14,9,1.032015,1.324963,1.012941,0.225769,0.760580,0.825525,0.562340,0.593706,489888502
gnn_point,REG,0,14,10,1.177665,1.360019,1.053300,0.182427,0.766754,0.796055,0.562262,0.593706,489888502
gnn_point,REG,0,14,11,1.100779,1.391851,0.973506,0.333366,0.648435,0.849041,0.574003,0.593706,489888502
gnn_point,REG,0,14,12,1.163303,1.343648,1.049270,0.257364,0.750858,0.715383,0.593826,0.593826,489888502
gnn_point,REG,0,14,13,1.183682,1.330652,1.003291,0.212776,0.750847,0.733451,0.582822,0.593826,489888502
gnn_point,REG,0,14,14,1.157979,1.357456,1.036591,0.256415,0.674095,0.710922,0.604743,0.604743,489888502
gnn_point,REG,0,14,15,1.153184,1.407710,0.995449,0.276332,0.740111,0.775214,0.578327,0.604743,489888502
gnn_point,REG,0,14,16,1.132329,1.372766,0.990971,0.265101,0.707468,0.749500,0.589987,0.604743,489888502
gnn_point,REG,0,14,17,1.128910,1.439912,1.133454,0.241587,0.820745,0.749821,0.576294,0.604743,489888502
uq_qaoa,REG,0,14,0,0.125000,0.375000,0.625000,0.625000,0.375000,0.125000,0.801694,0.801694,489888502
uq_qaoa,REG,0,14,1,0.141534,0.371453,0.621778,0.618225,0.377230,0.163158,0.819152,0.819152,489888502
uq_qaoa,REG,0,14,2,0.139976,0.347362,0.670597,0.638746,0.302324,0.114865,0.782365,0.819152,489888502
uq_qaoa,REG,0,14,3,0.169567,0.382160,0.669592,0.597375,0.351035,0.137424,0.816335,0.819152,489888502
uq_qaoa,REG,0,14,4,0.116863,0.361263,0.598947,0.657043,0.388887,0.151630,0.805130,0.819152,489888502
uq_qaoa,REG,0,14,5,0.107951,0.382784,0.608988,0.595733,0.389151,0.120674,0.804602,0.819152,489888502
uq_qaoa,REG,0,14,6,0.287442,0.853685,0.831343,0.478299,0.488550,0.821402,0.577664,0.819152,489888502
uq_qaoa,REG,0,14,7,1.145241,1.370379,1.012320,0.251288,0.755847,0.775255,0.575158,0.819152,489888502
uq_qaoa,REG,0,14,8,0.647503,2.339223,1.281028,0.550877,0.469576,1.246270,0.479211,0.819152,489888502
uq_qaoa,REG,0,14,9,0.455626,0.917337,1.058561,0.502607,0.494517,0.937780,0.485380,0.819152,489888502
uq_qaoa,REG,0,14,10,0.285440,0.371453,0.621778,0.618225,0.377230,0.163158,0.807665,0.819152,489888502
uq_qaoa,REG,0,14,11,0.000000,0.371453,0.621778,0.618225,0.377230,0.163158,0.823946,0.823946,489888502
uq_qaoa,REG,0,14,12,0.000000,0.585891,0.621778,0.618225,0.377230,0.163158,0.826080,0.826080,489888502
uq_qaoa,REG,0,14,13,0.000000,0.585891,0.833701,0.618225,0.377230,0.163158,0.825982,0.826080,489888502
uq_qaoa,REG,0,14,14,0.000000,0.585891,0.409855,0.618225,0.377230,0.163158,0.810090,0.826080,489888502
uq_qaoa,REG,0,14,15,0.000000,0.585891,0.621778,0.709202,0.377230,0.163158,0.826080,0.826080,489888502
uq_qaoa,REG,0,14,16,0.000000,0.585891,0.621778,0.709202,0.498515,0.163158,0.821998,0.826080,489888502
uq_qaoa,REG,0,14,17,0.000000,0.585891,0.621778,0.709202,0.255945,0.163158,0.788348,0.826080,489888502
random,REG,1,14,0,2.955382,1.746531,2.179253,0.141608,1.890008,1.501152,0.552555,0.552555,717294983
random,REG,1,14,1,0.361314,1.524298,1.990615,0.236515,0.396565,1.971336,0.496465,0.552555,717294983
random,REG,1,14,2,2.335781,0.467033,0.761251,2.542864,0.731739,3.116591,0.690542,0.690542,717294983
random,REG,1,14,3,0.094775,0.964752,0.630594,1.628451,1.318027,2.001982,0.515735,0.690542,717294983
random,REG,1,14,4,1.985841,2.006190,0.450465,2.168417,2.928136,1.923411,0.604917,0.690542,717294983
random,REG,1,14,5,0.811097,1.299423,1.936494,2.922519,2.069297,2.356266,0.546053,0.690542,717294983
random,REG,1,14,6,0.659022,0.272115,2.570547,1.611574,2.771246,0.223292,0.434882,0.690542,717294983
random,REG,1,14,7,2.874599,2.947522,2.844484,1.566590,0.477807,2.083258,0.617352,0.690542,717294983
random,REG,1,14,8,2.073381,0.993925,1.783861,1.342997,1.902163,1.537565,0.540717,0.690542,717294983
random,REG,1,14,9,2.895607,0.178151,0.134698,0.323818,2.383164,0.604871,0.630920,0.690542,717294983
random,REG,1,14,10,1.327151,1.753461,1.695284,3.043621,0.194861,0.266121,0.528560,0.690542,717294983
random,REG,1,14,11,3.026629,0.357276,0.730778,1.443369,0.935764,0.179015,0.497161,0.690542,717294983
random,REG,1,14,12,0.022519,0.916703,1.622921,1.039289,0.390775,0.947695,0.508625,0.690542,717294983
random,REG,1,14,13,0.357877,1.351326,1.222657,3.023626,2.710589,0.078500,0.509489,0.690542,717294983
random,REG,1,14,14,2.050121,0.823932,2.555493,1.560492,2.617705,0.708982,0.508089,0.690542,717294983
random,REG,1,14,15,2.663408,1.383924,2.953859,0.205374,2.144923,2.138741,0.723208,0.723208,717294983
random,REG,1,14,16,1.738479,1.465641,2.955930,2.236220,1.716783,1.901301,0.557250,0.723208,717294983
random,REG,1,14,17,2.196410,2.483308,1.003260,0.124061,2.103266,2.480426,0.595192,0.723208,717294983
heuristic,REG,1,14,0,0.455626,0.917337,1.058561,0.502607,0.494517,0.937780,0.477605,0.477605,717294983
heuristic,REG,1,14,1,0.400320,0.887094,1.166780,0.561830,0.530977,1.039537,0.450347,0.477605,717294983
heuristic,REG,1,14,2,0.374458,0.933696,1.092931,0.573805,0.569172,0.924165,0.462505,0.477605,717294983
heuristic,REG,1,14,3,0.475411,0.892087,1.031051,0.479304,0.480711,0.971766,0.474250,0.477605,717294983
heuristic,REG,1,14,4,0.509896,0.921608,1.025688,0.563744,0.452942,0.880801,0.507123,0.507123,717294983
heuristic,REG,1,14,5,0.473520,0.938363,1.024439,0.468394,0.493345,0.896089,0.499187,0.507123,717294983
heuristic,REG,1,14,6,0.509321,0.949926,0.999507,0.391033,0.485205,1.009822,0.489339,0.507123,717294983
heuristic,REG,1,14,7,0.414856,0.888543,1.157902,0.426252,0.452692,0.876899,0.506064,0.507123,717294983
heuristic,REG,1,14,8,0.462688,1.015436,1.110499,0.522059,0.476862,0.924948,0.487449,0.507123,717294983
heuristic,REG,1,14,9,0.434613,0.905892,1.027193,0.454336,0.512786,0.961436,0.474515,0.507123,717294983
heuristic,REG,1,14,10,0.515440,0.913110,1.073403,0.499329,0.452207,0.832711,0.525640,0.525640,717294983
heuristic,REG,1,14,11,0.546953,0.857149,1.032295,0.578412,0.479804,0.891427,0.496101,0.525640,717294983
heuristic,REG,1,14,12,0.406004,0.886076,1.008152,0.558463,0.523476,0.969093,0.456854,0.525640,717294983
heuristic,REG,1,14,13,0.515768,0.894538,1.122201,0.478921,0.505092,0.959334,0.471147,0.525640,717294983
heuristic,REG,1,14,14,0.453049,0.951763,0.996953,0.453575,0.475506,0.918706,0.499562,0.525640,717294983
heuristic,REG,1,14,15,0.540118,0.803853,1.084614,0.490467,0.527768,0.985181,0.456068,0.525640,717294983
heuristic,REG,1,14,16,0.458241,1.021125,0.971726,0.522815,0.488277,0.937075,0.499486,0.525640,717294983
heuristic,REG,1,14,17,0.400188,0.916065,1.173883,0.528286,0.510236,0.911051,0.482556,0.525640,717294983
knn,REG,1,14,0,1.307228,2.012963,1.031208,0.622839,0.955574,0.713511,0.549093,0.549093,717294983
knn,REG,1,14,1,1.315032,2.001777,1.021513,0.621972,0.914576,0.719256,0.553060,0.553060,717294983
knn,REG,1,14,2,1.303419,2.013521,1.028040,0.583400,0.952681,0.778598,0.554221,0.554221,717294983
knn,REG,1,14,3,1.340808,1.969330,1.039066,0.609276,0.938413,0.690588,0.549694,0.554221,717294983
knn,REG,1,14,4,1.254689,2.006192,1.060168,0.605258,0.970176,0.620428,0.534960,0.554221,717294983
knn,REG,1,14,5,1.228376,2.028353,1.049505,0.661874,0.915019,0.682988,0.546884,0.554221,717294983
knn,REG,1,14,6,1.320984,1.985991,1.026163,0.645984,0.933161,0.685233,0.550350,0.554221,717294983
knn,REG,1,14,7,1.341378,2.044136,1.018475,0.660304,0.930284,0.752972,0.555228,0.555228,717294983
knn,REG,1,14,8,1.318750,2.061968,1.024304,0.597569,0.921117,0.664031,0.545234,0.555228,717294983
knn,REG,1,14,9,1.301711,2.020741,0.991961,0.633271,0.950639,0.728763,0.552300,0.555228,717294983
knn,REG,1,14,10,1.302349,2.000019,1.048605,0.677193,0.959676,0.709196,0.549403,0.555228,717294983
knn,REG,1,14,11,1.360105,2.036407,1.031721,0.664816,0.924755,0.731934,0.554365,0.555228,717294983
knn,REG,1,14,12,1.294510,2.028221,1.023800,0.648278,0.967939,0.682058,0.546707,0.555228,717294983
knn,REG,1,14,13,1.388048,2.026633,1.003900,0.654658,0.971499,0.713838,0.552336,0.555228,717294983
knn,REG,1,14,14,1.332044,2.035952,1.026953,0.671703,0.960141,0.719038,0.551164,0.555228,717294983
knn,REG,1,14,15,1.278298,1.963832,0.940307,0.655139,0.957516,0.732410,0.552843,0.555228,717294983
knn,REG,1,14,16,1.292234,2.033530,1.039087,0.650094,0.981016,0.729333,0.547993,0.555228,717294983
knn,REG,1,14,17,1.316216,2.006980,1.034270,0.643276,0.998114,0.705953,0.546653,0.555228,717294983
tqa,REG,1,14,0,0.125000,0.375000,0.625000,0.625000,0.375000,0.125000,0.786708,0.786708,717294983
tqa,REG,1,14,1,0.123165,0.382960,0.624893,0.640242,0.361909,0.126135,0.788704,0.788704,717294983
tqa,REG,1,14,2,0.068187,0.370614,0.645473,0.626496,0.354203,0.133012,0.794215,0.794215,717294983
tqa,REG,1,14,3,0.170226,0.387112,0.612201,0.616542,0.332962,0.127521,0.790738,0.794215,717294983
tqa,REG,1,14,4,0.127262,0.394238,0.638387,0.639275,0.357403,0.116616,0.787627,0.794215,717294983
tqa,REG,1,14,5,0.085435,0.368619,0.645410,0.617639,0.395837,0.113696,0.783954,0.794215,717294983
tqa,REG,1,14,6,0.151878,0.345880,0.643581,0.617558,0.380854,0.077764,0.745503,0.794215,717294983
tqa,REG,1,14,7,0.090269,0.382742,0.593336,0.652629,0.379840,0.109568,0.781726,0.794215,717294983
tqa,REG,1,14,8,0.096194,0.360094,0.629890,0.689924,0.364286,0.073779,0.751306,0.794215,717294983
tqa,REG,1,14,9,0.154857,0.322341,0.621946,0.625211,0.410174,0.117354,0.753086,0.794215,717294983
tqa,REG,1,14,10,0.078095,0.368884,0.607350,0.551098,0.365857,0.138138,0.800233,0.800233,717294983
tqa,REG,1,14,11,0.156806,0.320757,0.657618,0.612694,0.408574,0.117531,0.755912,0.800233,717294983
tqa,REG,1,14,12,0.177243,0.431103,0.652070,0.623880,0.350528,0.133127,0.805508,0.805508,717294983
tqa,REG,1,14,13,0.130023,0.409206,0.581047,0.647240,0.421806,0.075357,0.760705,0.805508,717294983
tqa,REG,1,14,14,0.120193,0.354037,0.674340,0.719046,0.349729,0.124310,0.769143,0.805508,717294983
tqa,REG,1,14,15,0.103094,0.333209,0.630359,0.623791,0.334775,0.104492,0.765603,0.805508,717294983
tqa,REG,1,14,16,0.086543,0.362693,0.638601,0.644583,0.345513,0.133209,0.789007,0.805508,717294983
tqa,REG,1,14,17,0.176097,0.325754,0.610973,0.632793,0.365123,0.131222,0.763458,0.805508,717294983
gnn_point,REG,1,14,0,1.623926,1.719397,1.445002,0.682636,0.689462,0.682141,0.553744,0.553744,717294983
gnn_point,REG,1,14,1,1.683993,1.795888,1.450543,0.633921,0.695423,0.650890,0.552074,0.553744,717294983
gnn_point,REG,1,14,2,1.649227,1.726372,1.489730,0.610882,0.657915,0.682081,0.553296,0.553744,717294983
gnn_point,REG,1,14,3,1.639791,1.687547,1.354724,0.763532,0.747446,0.657748,0.554428,0.554428,717294983
gnn_point,REG,1,14,4,1.604053,1.739375,1.494105,0.756929,0.687383,0.689958,0.553677,0.554428,717294983
gnn_point,REG,1,14,5,1.588998,1.740075,1.433066,0.631116,0.633457,0.728387,0.552733,0.554428,717294983
gnn_point,REG,1,14,6,1.710325,1.782930,1.388666,0.650614,0.640080,0.676232,0.552590,0.554428,717294983
gnn_point,REG,1,14,7,1.528492,1.659802,1.408348,0.722626,0.683813,0.659118,0.553988,0.554428,717294983
gnn_point,REG,1,14,8,1.589143,1.806001,1.508834,0.711759,0.744986,0.759739,0.553580,0.554428,717294983
gnn_point,REG,1,14,9,1.616582,1.711070,1.429313,0.661652,0.709724,0.733116,0.554047,0.554428,717294983
gnn_point,REG,1,14,10,1.644050,1.646508,1.490351,0.699114,0.703026,0.760470,0.555424,0.555424,717294983
gnn_point,REG,1,14,11,1.697171,1.756562,1.485061,0.663879,0.512857,0.744208,0.551671,0.555424,717294983
gnn_point,REG,1,14,12,1.601906,1.661290,1.388811,0.668411,0.706245,0.703507,0.554455,0.555424,717294983
gnn_point,REG,1,14,13,1.716288,1.669241,1.422786,0.579332,0.651530,0.678221,0.553400,0.555424,717294983
gnn_point,REG,1,14,14,1.651123,1.796879,1.460968,0.713551,0.612724,0.675492,0.552221,0.555424,717294983
gnn_point,REG,1,14,15,1.609502,1.683176,1.421588,0.729970,0.720958,0.769922,0.554849,0.555424,717294983
gnn_point,REG,1,14,16,1.619173,1.760675,1.433747,0.734433,0.663195,0.690473,0.553026,0.555424,717294983
gnn_point,REG,1,14,17,1.581528,1.725465,1.516203,0.716380,0.723793,0.728325,0.553983,0.555424,717294983
uq_qaoa,REG,1,14,0,0.125000,0.375000,0.625000,0.625000,0.375000,0.125000,0.786708,0.786708,717294983
uq_qaoa,REG,1,14,1,0.123165,0.382960,0.624893,0.640242,0.361909,0.126135,0.788704,0.788704,717294983
uq_qaoa,REG,1,14,2,0.068187,0.370614,0.645473,0.626496,0.354203,0.133012,0.794215,0.794215,717294983
uq_qaoa,REG,1,14,3,0.170226,0.387112,0.612201,0.616542,0.332962,0.127521,0.790738,0.794215,717294983
uq_qaoa,REG,1,14,4,0.127262,0.394238,0.638387,0.639275,0.357403,0.116616,0.787627,0.794215,717294983
uq_qaoa,REG,1,14,5,0.085435,0.368619,0.645410,0.617639,0.395837,0.113696,0.783954,0.794215,717294983
uq_qaoa,REG,1,14,6,0.284983,0.919380,0.854167,0.597054,0.525367,0.556034,0.718667,0.794215,717294983
uq_qaoa,REG,1,14,7,1.623926,1.719397,1.445002,0.682636,0.689462,0.682141,0.553744,0.794215,717294983
uq_qaoa,REG,1,14,8,0.766942,2.478993,0.950097,0.550877,0.656369,0.375675,0.574821,0.794215,717294983
uq_qaoa,REG,1,14,9,0.455626,0.917337,1.058561,0.502607,0.494517,0.937780,0.477605,0.794215,717294983
uq_qaoa,REG,1,14,10,0.216484,0.370614,0.645473,0.626496,0.354203,0.133012,0.780582,0.794215,717294983
uq_qaoa,REG,1,14,11,0.000000,0.370614,0.645473,0.626496,0.354203,0.133012,0.796438,0.796438,717294983
uq_qaoa,REG,1,14,12,0.000000,0.585367,0.645473,0.626496,0.354203,0.133012,0.802258,0.802258,717294983
uq_qaoa,REG,1,14,13,0.000000,0.585367,0.852477,0.626496,0.354203,0.133012,0.801828,0.802258,717294983
uq_qaoa,REG,1,14,14,0.000000,0.585367,0.438469,0.626496,0.354203,0.133012,0.795509,0.802258,717294983
uq_qaoa,REG,1,14,15,0.000000,0.585367,0.645473,0.716719,0.354203,0.133012,0.802258,0.802258,717294983
uq_qaoa,REG,1,14,16,0.000000,0.585367,0.645473,0.536273,0.354203,0.133012,0.802258,0.802258,717294983
uq_qaoa,REG,1,14,17,0.000000,0.585367,0.645473,0.626496,0.472094,0.133012,0.806166,0.806166,717294983
random,BA,0,14,0,0.730554,1.471328,1.851800,1.113457,2.915358,0.777524,0.622362,0.622362,1551182225
random,BA,0,14,1,1.671449,0.728349,0.318774,2.500464,1.859106,3.113359,0.614046,0.622362,1551182225
random,BA,0,14,2,0.940502,2.013784,1.828815,0.750918,1.230498,1.797745,0.661660,0.661660,1551182225
random,BA,0,14,3,1.485737,2.613341,1.217659,0.826846,2.300937,2.248759,0.616893,0.661660,1551182225
random,BA,0,14,4,2.652978,1.254794,1.416528,0.253421,1.243299,1.785809,0.455932,0.661660,1551182225
random,BA,0,14,5,2.902903,0.077210,0.035463,2.738015,1.883398,1.744209,0.633630,0.661660,1551182225
random,BA,0,14,6,2.403645,2.738234,2.698725,1.740787,0.712467,2.907751,0.591388,0.661660,1551182225
random,BA,0,14,7,1.213220,2.307867,1.921399,2.509508,1.093094,1.601680,0.619401,0.661660,1551182225
random,BA,0,14,8,1.430225,2.737839,1.766748,2.434295,0.925321,1.504778,0.630296,0.661660,1551182225
random,BA,0,14,9,2.812143,3.069787,1.203337,1.509825,1.259720,2.442811,0.582937,0.661660,1551182225
random,BA,0,14,10,2.190427,0.251765,1.917930,0.967383,2.919430,0.679691,0.580351,0.661660,1551182225
random,BA,0,14,11,2.042062,1.528201,2.481928,2.172041,1.585559,1.504048,0.549695,0.661660,1551182225
random,BA,0,14,12,3.042246,1.506712,1.642778,1.656029,2.168643,2.416964,0.625853,0.661660,1551182225
random,BA,0,14,13,1.532242,0.387662,1.628808,2.050643,1.061947,2.679443,0.634511,0.661660,1551182225
random,BA,0,14,14,1.467097,0.848491,1.377488,2.741077,0.097432,0.361003,0.661815,0.661815,1551182225
random,BA,0,14,15,1.120231,0.575394,1.287124,1.337424,0.920194,0.954249,0.621218,0.661815,1551182225
random,BA,0,14,16,1.508129,0.572625,1.503252,1.576114,1.421484,1.784412,0.740182,0.740182,1551182225
random,BA,0,14,17,1.682800,1.956281,0.509239,2.424373,2.197407,1.993998,0.623860,0.740182,1551182225
heuristic,BA,0,14,0,0.455626,0.917337,1.058561,0.502607,0.494517,0.937780,0.591075,0.591075,1551182225
heuristic,BA,0,14,1,0.481409,0.883518,1.036855,0.458591,0.432761,0.991693,0.602442,0.602442,1551182225
heuristic,BA,0,14,2,0.465951,0.971132,1.114732,0.612974,0.491235,0.937480,0.604434,0.604434,1551182225
heuristic,BA,0,14,3,0.441061,0.891947,1.050985,0.508426,0.437767,0.871138,0.598419,0.604434,1551182225
heuristic,BA,0,14,4,0.536160,0.933212,1.043572,0.516011,0.558265,0.943914,0.584213,0.604434,1551182225
heuristic,BA,0,14,5,0.409375,0.906315,1.108472,0.505546,0.570169,1.003188,0.576175,0.604434,1551182225
heuristic,BA,0,14,6,0.498540,0.868937,1.042670,0.541742,0.551597,1.032720,0.571321,0.604434,1551182225
heuristic,BA,0,14,7,0.392625,0.930282,1.165346,0.533162,0.424409,0.830432,0.608278,0.608278,1551182225
heuristic,BA,0,14,8,0.469970,0.917158,1.055330,0.446600,0.537693,1.028380,0.586693,0.608278,1551182225
heuristic,BA,0,14,9,0.449665,0.860421,1.139446,0.380596,0.490291,0.980035,0.596869,0.608278,1551182225
heuristic,BA,0,14,10,0.481868,0.862404,1.035551,0.471606,0.518090,0.984892,0.580143,0.608278,1551182225
heuristic,BA,0,14,11,0.399880,0.921224,1.179246,0.573373,0.492292,0.998744,0.604039,0.608278,1551182225
heuristic,BA,0,14,12,0.400168,0.890548,1.121308,0.508597,0.443653,0.977632,0.603582,0.608278,1551182225
heuristic,BA,0,14,13,0.451587,0.965444,0.987398,0.474871,0.526660,0.842132,0.598450,0.608278,1551182225
heuristic,BA,0,14,14,0.511130,0.866523,1.018466,0.461121,0.616981,0.899285,0.576408,0.608278,1551182225
heuristic,BA,0,14,15,0.439609,0.959234,1.071934,0.477344,0.566974,0.953805,0.583934,0.608278,1551182225
heuristic,BA,0,14,16,0.491767,0.870853,1.037605,0.435888,0.463020,0.886596,0.595104,0.608278,1551182225
heuristic,BA,0,14,17,0.469747,0.886327,1.009330,0.480963,0.472768,0.933115,0.589389,0.608278,1551182225
knn,BA,0,14,0,0.470270,1.373611,2.831043,0.845608,0.758341,1.024252,0.632430,0.632430,1551182225
knn,BA,0,14,1,0.462343,1.377010,2.804973,0.867132,0.803782,1.016368,0.630169,0.632430,1551182225
knn,BA,0,14,2,0.455209,1.360782,2.900437,0.799234,0.723851,1.033209,0.633720,0.633720,1551182225
knn,BA,0,14,3,0.489974,1.396571,2.859690,0.796041,0.766040,1.038718,0.629482,0.633720,1551182225
knn,BA,0,14,4,0.465178,1.398272,2.851782,0.880721,0.738282,1.075358,0.626929,0.633720,1551182225
knn,BA,0,14,5,0.499369,1.314173,2.849918,0.862116,0.709210,1.010449,0.639100,0.639100,1551182225
knn,BA,0,14,6,0.457192,1.443985,2.837471,0.815123,0.750452,1.051099,0.630943,0.639100,1551182225
knn,BA,0,14,7,0.459511,1.384673,2.862749,0.844641,0.756595,1.033162,0.629906,0.639100,1551182225
knn,BA,0,14,8,0.507259,1.376981,2.828054,0.773130,0.749094,1.019478,0.636629,0.639100,1551182225
knn,BA,0,14,9,0.458059,1.383313,2.882115,0.862853,0.750940,1.049550,0.627459,0.639100,1551182225
knn,BA,0,14,10,0.496015,1.352630,2.839283,0.867069,0.766022,0.986246,0.631657,0.639100,1551182225
knn,BA,0,14,11,0.458424,1.386884,2.774325,0.858604,0.763883,1.008427,0.633535,0.639100,1551182225
knn,BA,0,14,12,0.464717,1.358378,2.873149,0.838465,0.754681,1.069569,0.629471,0.639100,1551182225
knn,BA,0,14,13,0.494850,1.422117,2.830358,0.840776,0.762593,0.977559,0.630617,0.639100,1551182225
knn,BA,0,14,14,0.489085,1.378274,2.839399,0.832515,0.800688,1.024944,0.627790,0.639100,1551182225
knn,BA,0,14,15,0.522442,1.393826,2.821852,0.889608,0.699903,1.052160,0.626085,0.639100,1551182225
knn,BA,0,14,16,0.435126,1.412806,2.843328,0.811138,0.784249,1.047216,0.629841,0.639100,1551182225
knn,BA,0,14,17,0.485338,1.400583,2.832388,0.858739,0.730321,1.041975,0.630013,0.639100,1551182225
tqa,BA,0,14,0,0.125000,0.375000,0.625000,0.625000,0.375000,0.125000,0.817434,0.817434,1551182225
tqa,BA,0,14,1,0.124203,0.383394,0.656247,0.681051,0.386201,0.164700,0.826207,0.826207,1551182225
tqa,BA,0,14,2,0.112116,0.391293,0.603687,0.590019,0.342204,0.141283,0.829556,0.829556,1551182225
tqa,BA,0,14,3,0.143075,0.337040,0.646455,0.612161,0.359459,0.136098,0.812404,0.829556,1551182225
tqa,BA,0,14,4,0.120495,0.357230,0.656090,0.679425,0.344879,0.044924,0.776982,0.829556,1551182225
tqa,BA,0,14,5,0.091823,0.394617,0.609469,0.616351,0.396427,0.128145,0.821570,0.829556,1551182225
tqa,BA,0,14,6,0.036772,0.343511,0.705719,0.662645,0.347295,0.134535,0.818295,0.829556,1551182225
tqa,BA,0,14,7,0.110670,0.314375,0.688474,0.634911,0.380608,0.123526,0.802406,0.829556,1551182225
tqa,BA,0,14,8,0.157455,0.380966,0.616874,0.596444,0.346185,0.130786,0.822704,0.829556,1551182225
tqa,BA,0,14,9,0.160089,0.336745,0.608909,0.579636,0.348639,0.160526,0.821221,0.829556,1551182225
tqa,BA,0,14,10,0.119968,0.416940,0.648769,0.616920,0.392070,0.132670,0.826524,0.829556,1551182225
tqa,BA,0,14,11,0.154587,0.362437,0.619071,0.591662,0.421902,0.133822,0.809396,0.829556,1551182225
tqa,BA,0,14,12,0.120861,0.369324,0.664786,0.606232,0.417441,0.146313,0.819539,0.829556,1551182225
tqa,BA,0,14,13,0.129565,0.328660,0.621682,0.630032,0.387427,0.120734,0.802410,0.829556,1551182225
tqa,BA,0,14,14,0.153937,0.390825,0.660840,0.603940,0.326125,0.130287,0.824889,0.829556,1551182225
tqa,BA,0,14,15,0.107963,0.389600,0.607671,0.654633,0.331318,0.130284,0.821596,0.829556,1551182225
tqa,BA,0,14,16,0.129934,0.396750,0.604948,0.609631,0.350951,0.201661,0.839039,0.839039,1551182225
tqa,BA,0,14,17,0.170949,0.412978,0.649761,0.605027,0.374786,0.129012,0.825347,0.839039,1551182225
gnn_point,BA,0,14,0,0.170660,0.155088,2.605257,0.831603,1.632918,0.766228,0.617952,0.617952,1551182225
gnn_point,BA,0,14,1,0.272130,0.075820,2.569185,0.811901,1.563408,0.782033,0.595486,0.617952,1551182225
gnn_point,BA,0,14,2,0.175122,0.196948,2.678098,0.897164,1.525078,0.764305,0.622446,0.622446,1551182225
gnn_point,BA,0,14,3,0.208225,0.160698,2.666089,0.803814,1.567843,0.783454,0.628481,0.628481,1551182225
gnn_point,BA,0,14,4,0.243913,0.231308,2.584020,0.759890,1.556238,0.818777,0.644387,0.644387,1551182225
gnn_point,BA,0,14,5,0.145409,0.148052,2.613398,0.788016,1.533145,0.826209,0.654154,0.654154,1551182225
gnn_point,BA,0,14,6,0.213230,0.105242,2.648746,0.862046,1.619544,0.802136,0.629123,0.654154,1551182225
gnn_point,BA,0,14,7,0.243060,0.066564,2.518985,0.852499,1.587937,0.740822,0.573268,0.654154,1551182225
gnn_point,BA,0,14,8,0.085822,0.101435,2.675079,0.901129,1.500123,0.759607,0.627206,0.654154,1551182225
gnn_point,BA,0,14,9,0.208386,0.199826,2.577466,0.816935,1.660956,0.735770,0.596993,0.654154,1551182225
gnn_point,BA,0,14,10,0.184051,0.140738,2.567348,0.821697,1.655820,0.900427,0.680532,0.680532,1551182225
gnn_point,BA,0,14,11,0.126707,0.193102,2.545109,0.824482,1.632416,0.729806,0.606791,0.680532,1551182225
gnn_point,BA,0,14,12,0.224591,0.107358,2.615478,0.863004,1.628458,0.847559,0.650973,0.680532,1551182225
gnn_point,BA,0,14,13,0.231261,0.164766,2.671097,0.835952,1.603744,0.650144,0.556921,0.680532,1551182225
gnn_point,BA,0,14,14,0.208889,0.198928,2.613955,0.878809,1.668720,0.791294,0.623964,0.680532,1551182225
gnn_point,BA,0,14,15,0.134309,0.116712,2.574561,0.835504,1.591317,0.810585,0.641299,0.680532,1551182225
gnn_point,BA,0,14,16,0.238248,0.106071,2.597692,0.885546,1.592892,0.706229,0.563213,0.680532,1551182225
gnn_point,BA,0,14,17,0.102427,0.253838,2.587892,0.809687,1.682586,0.794920,0.639602,0.680532,1551182225
uq_qaoa,BA,0,14,0,0.125000,0.375000,0.625000,0.625000,0.375000,0.125000,0.817434,0.817434,1551182225
uq_qaoa,BA,0,14,1,0.124203,0.383394,0.656247,0.681051,0.386201,0.164700,0.826207,0.826207,1551182225
uq_qaoa,BA,0,14,2,0.112116,0.391293,0.603687,0.590019,0.342204,0.141283,0.829556,0.829556,1551182225
uq_qaoa,BA,0,14,3,0.143075,0.337040,0.646455,0.612161,0.359459,0.136098,0.812404,0.829556,1551182225
uq_qaoa,BA,0,14,4,0.120495,0.357230,0.656090,0.679425,0.344879,0.044924,0.776982,0.829556,1551182225
uq_qaoa,BA,0,14,5,0.091823,0.394617,0.609469,0.616351,0.396427,0.128145,0.821570,0.829556,1551182225
uq_qaoa,BA,0,14,6,0.281579,0.459246,0.923445,0.612436,0.601266,0.835166,0.537074,0.829556,1551182225
uq_qaoa,BA,0,14,7,0.170660,0.155088,2.605257,0.831603,1.632918,0.766228,0.617952,0.829556,1551182225
uq_qaoa,BA,0,14,8,0.447273,0.766918,2.008990,0.464462,0.403599,1.269282,0.749777,0.829556,1551182225
uq_qaoa,BA,0,14,9,0.455626,0.917337,1.058561,0.502607,0.494517,0.937780,0.591075,0.829556,1551182225
uq_qaoa,BA,0,14,10,0.177844,0.391293,0.603687,0.590019,0.342204,0.141283,0.827459,0.829556,1551182225
uq_qaoa,BA,0,14,11,0.046389,0.391293,0.603687,0.590019,0.342204,0.141283,0.827698,0.829556,1551182225
uq_qaoa,BA,0,14,12,0.112116,0.612576,0.603687,0.590019,0.342204,0.141283,0.836829,0.836829,1551182225
uq_qaoa,BA,0,14,13,0.112116,0.612576,0.835650,0.590019,0.342204,0.141283,0.830876,0.836829,1551182225
uq_qaoa,BA,0,14,14,0.112116,0.612576,0.371724,0.590019,0.342204,0.141283,0.818226,0.836829,1551182225
uq_qaoa,BA,0,14,15,0.112116,0.612576,0.603687,0.715028,0.342204,0.141283,0.825342,0.836829,1551182225
uq_qaoa,BA,0,14,16,0.112116,0.612576,0.603687,0.465010,0.342204,0.141283,0.839744,0.839744,1551182225
uq_qaoa,BA,0,14,17,0.112116,0.612576,0.603687,0.465010,0.474191,0.141283,0.815015,0.839744,1551182225
random,BA,1,14,0,2.010586,3.079448,2.041328,2.828749,2.733640,2.883510,0.643933,0.643933,1436664532
random,BA,1,14,1,1.804336,2.393048,2.910628,0.479543,0.525969,2.822178,0.588716,0.643933,1436664532
random,BA,1,14,2,0.146956,2.084270,2.867324,1.709127,2.070243,1.951125,0.540939,0.643933,1436664532
random,BA,1,14,3,2.792962,1.199698,1.910711,2.522032,0.151884,2.042155,0.565431,0.643933,1436664532
random,BA,1,14,4,0.637980,0.061848,2.497587,2.062592,1.201169,2.757589,0.631637,0.643933,1436664532
random,BA,1,14,5,1.713858,1.990734,2.567592,3.082729,1.087890,0.253961,0.497243,0.643933,1436664532
random,BA,1,14,6,1.243659,1.661418,1.203255,0.380047,1.871799,2.107725,0.634937,0.643933,1436664532
random,BA,1,14,7,1.905992,0.625903,1.963621,0.163779,0.214953,2.605815,0.575790,0.643933,1436664532
random,BA,1,14,8,0.501535,0.582843,2.563450,2.901948,1.361277,1.572400,0.380731,0.643933,1436664532
random,BA,1,14,9,0.878357,1.593173,0.654664,1.029170,1.532864,1.733695,0.472582,0.643933,1436664532
random,BA,1,14,10,1.933804,2.734878,0.954808,0.128669,3.008574,0.699222,0.509265,0.643933,1436664532
random,BA,1,14,11,1.538986,1.143174,2.550583,2.452743,0.425775,1.827772,0.591734,0.643933,1436664532
random,BA,1,14,12,2.921617,2.017495,2.673893,1.061320,0.576253,2.178727,0.588699,0.643933,1436664532
random,BA,1,14,13,0.911604,0.943321,1.322775,0.779122,3.126927,1.573277,0.581584,0.643933,1436664532
random,BA,1,14,14,2.246420,3.109093,3.042881,0.957935,1.417740,0.824314,0.626982,0.643933,1436664532
random,BA,1,14,15,0.756367,2.599746,0.467815,0.434856,0.522645,2.345063,0.669443,0.669443,1436664532
random,BA,1,14,16,2.384236,1.749551,1.445289,2.803657,0.320926,1.064629,0.628953,0.669443,1436664532
random,BA,1,14,17,1.328826,2.503226,2.900977,2.906225,0.228233,1.361969,0.531236,0.669443,1436664532
heuristic,BA,1,14,0,0.455626,0.917337,1.058561,0.502607,0.494517,0.937780,0.567603,0.567603,1436664532
heuristic,BA,1,14,1,0.448529,0.987592,1.037064,0.569821,0.441672,0.928969,0.579952,0.579952,1436664532
heuristic,BA,1,14,2,0.444479,0.878841,1.114150,0.481060,0.498718,0.903119,0.569865,0.579952,1436664532
heuristic,BA,1,14,3,0.348945,1.005437,1.063906,0.513485,0.469536,0.897601,0.577837,0.579952,1436664532
heuristic,BA,1,14,4,0.567411,0.937447,1.099605,0.487125,0.470897,0.870569,0.578198,0.579952,1436664532
heuristic,BA,1,14,5,0.494593,0.903470,1.035125,0.613605,0.491908,1.068066,0.574079,0.579952,1436664532
heuristic,BA,1,14,6,0.397925,0.864862,1.123752,0.458819,0.525924,0.975946,0.562821,0.579952,1436664532
heuristic,BA,1,14,7,0.463506,0.856875,1.068395,0.482974,0.466842,0.961447,0.568124,0.579952,1436664532
heuristic,BA,1,14,8,0.405882,0.952261,1.104048,0.568408,0.495509,0.882941,0.576115,0.579952,1436664532
heuristic,BA,1,14,9,0.523768,0.980414,1.087461,0.519698,0.581004,0.932666,0.565953,0.579952,1436664532
heuristic,BA,1,14,10,0.244683,0.885219,0.988704,0.473971,0.564127,0.906343,0.554835,0.579952,1436664532
heuristic,BA,1,14,11,0.483776,0.914429,1.091983,0.490775,0.471284,0.906747,0.573167,0.579952,1436664532
heuristic,BA,1,14,12,0.464700,0.920162,1.134845,0.510363,0.570075,0.899396,0.567972,0.579952,1436664532
heuristic,BA,1,14,13,0.411375,0.896477,1.054876,0.380838,0.518662,0.922154,0.567458,0.579952,1436664532
heuristic,BA,1,14,14,0.543010,0.873983,1.066226,0.509906,0.559418,0.926533,0.561207,0.579952,1436664532
heuristic,BA,1,14,15,0.444511,0.901550,1.081565,0.482614,0.449350,0.878433,0.576140,0.579952,1436664532
heuristic,BA,1,14,16,0.482541,0.903139,1.111452,0.482859,0.489870,0.931069,0.570261,0.579952,1436664532
heuristic,BA,1,14,17,0.514892,1.023282,1.036449,0.534419,0.522942,0.959262,0.571866,0.579952,1436664532
knn,BA,1,14,0,0.572153,0.715521,0.830018,0.563608,0.894570,0.293756,0.618069,0.618069,1436664532
knn,BA,1,14,1,0.559878,0.712728,0.757108,0.571384,0.925351,0.350451,0.626977,0.626977,1436664532
knn,BA,1,14,2,0.627158,0.728666,0.814611,0.544641,0.869193,0.314860,0.635029,0.635029,1436664532
knn,BA,1,14,3,0.562581,0.724198,0.787505,0.550762,0.911489,0.303844,0.619580,0.635029,1436664532
knn,BA,1,14,4,0.594214,0.710641,0.775511,0.559751,0.854504,0.290424,0.640068,0.640068,1436664532
knn,BA,1,14,5,0.560016,0.719922,0.801267,0.590037,0.893526,0.336705,0.628365,0.640068,1436664532
knn,BA,1,14,6,0.578744,0.768832,0.811902,0.520467,0.934150,0.325085,0.614962,0.640068,1436664532
knn,BA,1,14,7,0.536851,0.749552,0.813969,0.565731,0.832293,0.312041,0.652984,0.652984,1436664532
knn,BA,1,14,8,0.551421,0.676603,0.878064,0.601671,0.897984,0.278352,0.601050,0.652984,1436664532
knn,BA,1,14,9,0.629503,0.715720,0.815855,0.526716,0.909371,0.242706,0.604055,0.652984,1436664532
knn,BA,1,14,10,0.569448,0.718858,0.805828,0.556585,0.891069,0.303586,0.625540,0.652984,1436664532
knn,BA,1,14,11,0.565985,0.735110,0.817276,0.533283,0.877992,0.261151,0.622039,0.652984,1436664532
knn,BA,1,14,12,0.585397,0.783373,0.846566,0.561491,0.915573,0.332463,0.614737,0.652984,1436664532
knn,BA,1,14,13,0.558256,0.703376,0.879893,0.551950,0.952504,0.280661,0.587782,0.652984,1436664532
knn,BA,1,14,14,0.619644,0.708651,0.806654,0.589144,0.923072,0.266638,0.596132,0.652984,1436664532
knn,BA,1,14,15,0.559654,0.651610,0.794036,0.557938,0.901548,0.280449,0.619936,0.652984,1436664532
knn,BA,1,14,16,0.526930,0.699645,0.833320,0.572185,0.847955,0.299872,0.643776,0.652984,1436664532
knn,BA,1,14,17,0.534594,0.664635,0.855814,0.531918,0.851963,0.313203,0.650312,0.652984,1436664532
tqa,BA,1,14,0,0.125000,0.375000,0.625000,0.625000,0.375000,0.125000,0.804470,0.804470,1436664532
tqa,BA,1,14,1,0.089196,0.373367,0.640636,0.619840,0.377890,0.111069,0.799836,0.804470,1436664532
tqa,BA,1,14,2,0.048389,0.372668,0.647099,0.610161,0.382794,0.139787,0.811618,0.811618,1436664532
tqa,BA,1,14,3,0.161517,0.378535,0.629351,0.610282,0.413174,0.088277,0.783473,0.811618,1436664532
tqa,BA,1,14,4,0.092847,0.344836,0.612629,0.628350,0.374093,0.099548,0.786483,0.811618,1436664532
tqa,BA,1,14,5,0.118180,0.383637,0.637267,0.614407,0.394785,0.083775,0.787619,0.811618,1436664532
tqa,BA,1,14,6,0.112296,0.347390,0.599092,0.655125,0.368742,0.119155,0.792077,0.811618,1436664532
tqa,BA,1,14,7,0.090126,0.387642,0.597230,0.649326,0.370617,0.059004,0.775921,0.811618,1436664532
tqa,BA,1,14,8,0.137706,0.393434,0.694971,0.609735,0.364984,0.083982,0.792737,0.811618,1436664532
tqa,BA,1,14,9,0.087356,0.377921,0.655467,0.644672,0.365488,0.159184,0.816989,0.816989,1436664532
tqa,BA,1,14,10,0.086136,0.371659,0.679832,0.623455,0.406154,0.128371,0.804928,0.816989,1436664532
tqa,BA,1,14,11,0.073185,0.389110,0.631638,0.604100,0.382086,0.141887,0.815573,0.816989,1436664532
tqa,BA,1,14,12,0.096600,0.399675,0.665854,0.623790,0.369099,0.112759,0.806093,0.816989,1436664532
tqa,BA,1,14,13,0.085948,0.330421,0.607899,0.594415,0.357618,0.173254,0.814556,0.816989,1436664532
tqa,BA,1,14,14,0.130581,0.401899,0.615907,0.652576,0.351298,0.100632,0.798227,0.816989,1436664532
tqa,BA,1,14,15,0.125279,0.397960,0.656216,0.660589,0.342759,0.145986,0.813671,0.816989,1436664532
tqa,BA,1,14,16,0.125600,0.346361,0.619756,0.591974,0.392092,0.118381,0.795001,0.816989,1436664532
tqa,BA,1,14,17,0.158286,0.341506,0.607457,0.671700,0.365661,0.092946,0.770690,0.816989,1436664532
gnn_point,BA,1,14,0,0.328468,1.163624,1.389210,0.740875,0.852775,0.000000,0.553575,0.553575,1436664532
gnn_point,BA,1,14,1,0.243796,1.119923,1.392393,0.814207,0.923917,0.087149,0.524755,0.553575,1436664532
gnn_point,BA,1,14,2,0.305254,1.141720,1.392742,0.708888,0.857096,0.098064,0.563282,0.563282,1436664532
gnn_point,BA,1,14,3,0.353077,1.161998,1.302895,0.729978,0.883233,0.063758,0.548151,0.563282,1436664532
gnn_point,BA,1,14,4,0.405402,1.100972,1.439680,0.646423,0.871201,0.013068,0.548683,0.563282,1436664532
gnn_point,BA,1,14,5,0.341715,1.216534,1.484852,0.738558,0.905004,0.026343,0.540927,0.563282,1436664532
gnn_point,BA,1,14,6,0.338478,1.116520,1.306799,0.726157,0.894133,0.000000,0.530497,0.563282,1436664532
gnn_point,BA,1,14,7,0.274096,1.182141,1.317859,0.787708,0.779765,0.000000,0.584809,0.584809,1436664532
gnn_point,BA,1,14,8,0.377475,1.214010,1.337318,0.701868,0.832867,0.000000,0.569231,0.584809,1436664532
gnn_point,BA,1,14,9,0.230874,1.127388,1.367708,0.724577,0.778760,0.000000,0.588741,0.588741,1436664532
gnn_point,BA,1,14,10,0.364886,1.169925,1.368786,0.841874,0.875976,0.000000,0.536576,0.588741,1436664532
gnn_point,BA,1,14,11,0.371775,1.178122,1.387891,0.583152,0.840420,0.030371,0.577819,0.588741,1436664532
gnn_point,BA,1,14,12,0.257713,1.192722,1.464684,0.698713,0.873626,0.000000,0.555063,0.588741,1436664532
gnn_point,BA,1,14,13,0.352346,1.152286,1.394991,0.724511,0.914101,0.027202,0.530369,0.588741,1436664532
gnn_point,BA,1,14,14,0.294904,1.194486,1.361688,0.799683,0.933093,0.000000,0.522442,0.588741,1436664532
gnn_point,BA,1,14,15,0.277619,1.189029,1.403641,0.654281,0.795724,0.014324,0.589822,0.589822,1436664532
gnn_point,BA,1,14,16,0.483338,1.084483,1.407579,0.701553,0.849309,0.000000,0.550009,0.589822,1436664532
gnn_point,BA,1,14,17,0.293873,1.187090,1.383616,0.792019,0.862088,0.000000,0.549731,0.589822,1436664532
uq_qaoa,BA,1,14,0,0.125000,0.375000,0.625000,0.625000,0.375000,0.125000,0.804470,0.804470,1436664532
uq_qaoa,BA,1,14,1,0.089196,0.373367,0.640636,0.619840,0.377890,0.111069,0.799836,0.804470,1436664532
uq_qaoa,BA,1,14,2,0.048389,0.372668,0.647099,0.610161,0.382794,0.139787,0.811618,0.811618,1436664532
uq_qaoa,BA,1,14,3,0.161517,0.378535,0.629351,0.610282,0.413174,0.088277,0.783473,0.811618,1436664532
uq_qaoa,BA,1,14,4,0.092847,0.344836,0.612629,0.628350,0.374093,0.099548,0.786483,0.811618,1436664532
uq_qaoa,BA,1,14,5,0.118180,0.383637,0.637267,0.614407,0.394785,0.083775,0.787619,0.811618,1436664532
uq_qaoa,BA,1,14,6,0.170349,0.697675,0.915324,0.620704,0.476297,0.027063,0.775333,0.811618,1436664532
uq_qaoa,BA,1,14,7,0.328468,1.163624,1.389210,0.740875,0.852775,0.000000,0.553575,0.811618,1436664532
uq_qaoa,BA,1,14,8,0.357868,0.607074,0.712393,0.544939,0.426049,0.264862,0.863467,0.863467,1436664532
uq_qaoa,BA,1,14,9,0.455626,0.917337,1.058561,0.502607,0.494517,0.937780,0.567603,0.863467,1436664532
uq_qaoa,BA,1,14,10,0.507852,0.607074,0.712393,0.544939,0.426049,0.264862,0.840085,0.863467,1436664532
uq_qaoa,BA,1,14,11,0.207884,0.607074,0.712393,0.544939,0.426049,0.264862,0.859654,0.863467,1436664532
uq_qaoa,BA,1,14,12,0.357868,0.775026,0.712393,0.544939,0.426049,0.264862,0.840375,0.863467,1436664532
uq_qaoa,BA,1,14,13,0.357868,0.439122,0.712393,0.544939,0.426049,0.264862,0.840637,0.863467,1436664532
uq_qaoa,BA,1,14,14,0.357868,0.607074,0.866939,0.544939,0.426049,0.264862,0.859240,0.863467,1436664532
uq_qaoa,BA,1,14,15,0.357868,0.607074,0.557848,0.544939,0.426049,0.264862,0.845003,0.863467,1436664532
uq_qaoa,BA,1,14,16,0.357868,0.607074,0.712393,0.649344,0.426049,0.264862,0.850104,0.863467,1436664532
uq_qaoa,BA,1,14,17,0.357868,0.607074,0.712393,0.440535,0.426049,0.264862,0.856019,0.863467,1436664532
random,WS,0,14,0,2.390155,1.851183,2.381109,2.894766,0.151970,2.894318,0.614042,0.614042,1894252136
random,WS,0,14,1,1.270491,0.781634,1.301896,1.753514,0.886735,2.072169,0.681939,0.681939,1894252136
random,WS,0,14,2,3.018192,0.009034,2.696059,2.674973,1.982475,2.140907,0.440863,0.681939,1894252136
random,WS,0,14,3,3.114997,0.404593,0.884014,1.702701,1.288796,0.966876,0.630257,0.681939,1894252136
random,WS,0,14,4,1.019365,2.761739,2.947865,0.391467,2.191122,2.930056,0.705153,0.705153,1894252136
random,WS,0,14,5,1.918624,0.822478,3.094146,2.970486,1.040884,1.932407,0.653370,0.705153,1894252136
random,WS,0,14,6,1.842701,0.697011,0.151608,0.065914,2.536874,0.700127,0.641332,0.705153,1894252136
random,WS,0,14,7,1.953405,0.284633,2.099547,2.975955,1.575107,2.176760,0.698651,0.705153,1894252136
random,WS,0,14,8,0.949298,2.711266,2.587072,0.748171,0.285976,2.604939,0.621949,0.705153,1894252136
random,WS,0,14,9,1.835798,2.471266,0.799642,0.702892,1.236311,0.322506,0.670443,0.705153,1894252136
random,WS,0,14,10,1.926864,1.669192,2.055797,3.082698,2.368609,1.399317,0.716366,0.716366,1894252136
random,WS,0,14,11,3.073578,0.489572,3.099635,0.265289,2.264738,0.287683,0.690299,0.716366,1894252136
random,WS,0,14,12,2.254219,3.096083,2.945785,0.178201,3.028101,2.363288,0.700598,0.716366,1894252136
random,WS,0,14,13,2.807359,2.768273,0.077349,0.721163,1.075472,1.664872,0.795125,0.795125,1894252136
random,WS,0,14,14,0.885462,1.307966,1.491816,3.085279,2.521907,0.099875,0.709455,0.795125,1894252136
random,WS,0,14,15,1.965638,1.293677,2.474287,0.940602,1.106927,0.196405,0.683449,0.795125,1894252136
random,WS,0,14,16,2.442605,0.680883,2.674032,0.146020,1.306469,2.667450,0.837191,0.837191,1894252136
random,WS,0,14,17,1.158699,2.243455,2.211689,1.876249,2.966471,2.505667,0.708695,0.837191,1894252136
heuristic,WS,0,14,0,0.455626,0.917337,1.058561,0.502607,0.494517,0.937780,0.595983,0.595983,1894252136
heuristic,WS,0,14,1,0.496133,0.872777,1.078053,0.494053,0.422480,0.900642,0.612484,0.612484,1894252136
heuristic,WS,0,14,2,0.387661,0.879419,1.145116,0.500686,0.490383,0.963766,0.602864,0.612484,1894252136
heuristic,WS,0,14,3,0.392208,0.925484,0.998480,0.638009,0.519242,0.976915,0.576940,0.612484,1894252136
heuristic,WS,0,14,4,0.438285,0.848437,0.992877,0.598597,0.536821,0.921292,0.562248,0.612484,1894252136
heuristic,WS,0,14,5,0.484045,0.873151,1.135214,0.454726,0.458769,0.872845,0.620557,0.620557,1894252136
heuristic,WS,0,14,6,0.445727,0.830911,1.043007,0.447932,0.451352,0.880158,0.604578,0.620557,1894252136
heuristic,WS,0,14,7,0.458499,0.928129,1.065693,0.552528,0.458949,1.024561,0.604712,0.620557,1894252136
heuristic,WS,0,14,8,0.427453,0.895898,1.019273,0.563725,0.535340,0.986044,0.566321,0.620557,1894252136
heuristic,WS,0,14,9,0.566160,1.025292,1.009343,0.522229,0.475396,0.920232,0.621620,0.621620,1894252136
heuristic,WS,0,14,10,0.368698,0.995508,1.095289,0.570901,0.503806,0.948060,0.610863,0.621620,1894252136
heuristic,WS,0,14,11,0.410241,0.926007,1.083684,0.544367,0.471092,0.852113,0.617888,0.621620,1894252136
heuristic,WS,0,14,12,0.504773,1.020237,0.994863,0.545312,0.432683,0.910092,0.624151,0.624151,1894252136
heuristic,WS,0,14,13,0.393980,0.903455,1.084178,0.521585,0.523278,0.953992,0.587633,0.624151,1894252136
heuristic,WS,0,14,14,0.417303,0.848892,1.079714,0.494990,0.517220,0.942184,0.582454,0.624151,1894252136
heuristic,WS,0,14,15,0.428219,0.906077,1.020748,0.599478,0.444345,0.886497,0.606635,0.624151,1894252136
heuristic,WS,0,14,16,0.468967,0.922962,1.109600,0.503021,0.536128,0.902560,0.604942,0.624151,1894252136
heuristic,WS,0,14,17,0.441344,0.852473,1.032688,0.567350,0.430598,0.980794,0.592520,0.624151,1894252136
knn,WS,0,14,0,1.960003,2.256873,1.617099,0.605760,0.861122,0.714280,0.675357,0.675357,1894252136
knn,WS,0,14,1,1.989532,2.256530,1.624109,0.625973,0.833234,0.698756,0.675140,0.675357,1894252136
knn,WS,0,14,2,2.016045,2.290082,1.658771,0.585845,0.863879,0.684638,0.675306,0.675357,1894252136
knn,WS,0,14,3,1.960601,2.270128,1.628425,0.635388,0.805073,0.685654,0.674857,0.675357,1894252136
knn,WS,0,14,4,1.976188,2.226908,1.630696,0.627188,0.848935,0.726693,0.675012,0.675357,1894252136
knn,WS,0,14,5,1.953995,2.252287,1.620044,0.629794,0.828989,0.715239,0.675073,0.675357,1894252136
knn,WS,0,14,6,1.963596,2.279073,1.576154,0.615833,0.842463,0.730395,0.675556,0.675556,1894252136
knn,WS,0,14,7,1.908776,2.254609,1.581969,0.613002,0.874868,0.734793,0.675693,0.675693,1894252136
knn,WS,0,14,8,2.010786,2.275652,1.628753,0.640883,0.848232,0.743825,0.675021,0.675693,1894252136
knn,WS,0,14,9,1.961954,2.275517,1.594711,0.524172,0.858154,0.732478,0.675174,0.675693,1894252136
knn,WS,0,14,10,1.948613,2.241629,1.606878,0.602039,0.849554,0.708454,0.675374,0.675693,1894252136
knn,WS,0,14,11,1.992229,2.244664,1.558978,0.561698,0.854380,0.695819,0.675960,0.675960,1894252136
knn,WS,0,14,12,2.014341,2.192315,1.610548,0.635216,0.862899,0.707081,0.675427,0.675960,1894252136
knn,WS,0,14,13,1.978509,2.237453,1.625926,0.586131,0.865143,0.740704,0.674831,0.675960,1894252136
knn,WS,0,14,14,1.942805,2.262433,1.627189,0.587372,0.895620,0.699859,0.675704,0.675960,1894252136
knn,WS,0,14,15,1.929037,2.295345,1.587047,0.684032,0.856313,0.699313,0.675864,0.675960,1894252136
knn,WS,0,14,16,1.956450,2.239957,1.622155,0.643166,0.850131,0.657645,0.675658,0.675960,1894252136
knn,WS,0,14,17,1.949711,2.288372,1.635884,0.634565,0.856662,0.724087,0.675240,0.675960,1894252136
tqa,WS,0,14,0,0.125000,0.375000,0.625000,0.625000,0.375000,0.125000,0.888585,0.888585,1894252136
tqa,WS,0,14,1,0.108053,0.347556,0.666625,0.613671,0.309863,0.125420,0.884423,0.888585,1894252136
tqa,WS,0,14,2,0.150940,0.400297,0.602054,0.647454,0.345859,0.092122,0.878849,0.888585,1894252136
tqa,WS,0,14,3,0.136674,0.379688,0.632826,0.608024,0.338227,0.135731,0.895473,0.895473,1894252136
tqa,WS,0,14,4,0.137039,0.345592,0.667529,0.641382,0.347000,0.135951,0.883167,0.895473,1894252136
tqa,WS,0,14,5,0.102601,0.301985,0.673096,0.651359,0.359438,0.142049,0.876589,0.895473,1894252136
tqa,WS,0,14,6,0.135950,0.405064,0.622676,0.619264,0.355269,0.122989,0.895177,0.895473,1894252136
tqa,WS,0,14,7,0.116667,0.309464,0.639948,0.658374,0.382697,0.038351,0.822141,0.895473,1894252136
tqa,WS,0,14,8,0.107541,0.362904,0.601422,0.614899,0.410878,0.160787,0.894305,0.895473,1894252136
tqa,WS,0,14,9,0.172756,0.397475,0.619863,0.653156,0.430796,0.083388,0.860057,0.895473,1894252136
tqa,WS,0,14,10,0.119281,0.324384,0.616327,0.614836,0.410804,0.088013,0.854458,0.895473,1894252136
tqa,WS,0,14,11,0.095811,0.355451,0.611972,0.619806,0.345563,0.141764,0.893122,0.895473,1894252136
tqa,WS,0,14,12,0.125338,0.380523,0.620985,0.604380,0.394877,0.081211,0.870013,0.895473,1894252136
tqa,WS,0,14,13,0.077463,0.319587,0.600977,0.600067,0.364919,0.110507,0.876220,0.895473,1894252136
tqa,WS,0,14,14,0.097597,0.329623,0.527453,0.640400,0.345524,0.129566,0.879148,0.895473,1894252136
tqa,WS,0,14,15,0.115994,0.369950,0.665345,0.623892,0.336092,0.147088,0.896233,0.896233,1894252136
tqa,WS,0,14,16,0.101288,0.376960,0.693971,0.605380,0.369083,0.113803,0.889073,0.896233,1894252136
tqa,WS,0,14,17,0.131382,0.345559,0.651505,0.650144,0.385050,0.119245,0.875552,0.896233,1894252136
gnn_point,WS,0,14,0,1.699671,2.419529,1.192419,1.240028,0.584459,1.239302,0.686536,0.686536,1894252136
gnn_point,WS,0,14,1,1.716404,2.345349,1.181588,1.190505,0.680093,1.250210,0.677446,0.686536,1894252136
gnn_point,WS,0,14,2,1.721239,2.398300,1.197589,1.198802,0.659844,1.242910,0.679892,0.686536,1894252136
gnn_point,WS,0,14,3,1.684146,2.428762,1.146395,1.184975,0.547767,1.284242,0.687834,0.687834,1894252136
gnn_point,WS,0,14,4,1.683884,2.368831,1.217667,1.248378,0.578398,1.312718,0.693493,0.693493,1894252136
gnn_point,WS,0,14,5,1.659235,2.472598,1.233568,1.323192,0.547304,1.207679,0.692939,0.693493,1894252136
gnn_point,WS,0,14,6,1.713864,2.440841,1.231797,1.208479,0.570416,1.200856,0.685190,0.693493,1894252136
gnn_point,WS,0,14,7,1.665037,2.320421,1.190736,1.172861,0.540077,1.230227,0.685386,0.693493,1894252136
gnn_point,WS,0,14,8,1.660587,2.377714,1.218044,1.242671,0.639780,1.259939,0.684178,0.693493,1894252136
gnn_point,WS,0,14,9,1.649114,2.324586,1.132587,1.304339,0.558860,1.230670,0.686479,0.693493,1894252136
gnn_point,WS,0,14,10,1.739738,2.440476,1.170849,1.287832,0.559773,1.191140,0.686564,0.693493,1894252136
gnn_point,WS,0,14,11,1.616207,2.451588,1.247318,1.244582,0.511400,1.244390,0.695888,0.695888,1894252136
gnn_point,WS,0,14,12,1.721147,2.423795,1.180477,1.316373,0.480169,1.298151,0.705736,0.705736,1894252136
gnn_point,WS,0,14,13,1.694407,2.420208,1.154530,1.334399,0.598757,1.211412,0.684148,0.705736,1894252136
gnn_point,WS,0,14,14,1.671968,2.501200,1.221952,1.217934,0.612718,1.272253,0.685889,0.705736,1894252136
gnn_point,WS,0,14,15,1.764968,2.345122,1.194743,1.201232,0.587015,1.350018,0.690439,0.705736,1894252136
gnn_point,WS,0,14,16,1.611713,2.433023,1.166826,1.222846,0.597752,1.293405,0.687572,0.705736,1894252136
gnn_point,WS,0,14,17,1.775390,2.463174,1.212996,1.297879,0.562468,1.269411,0.692123,0.705736,1894252136
uq_qaoa,WS,0,14,0,0.125000,0.375000,0.625000,0.625000,0.375000,0.125000,0.888585,0.888585,1894252136
uq_qaoa,WS,0,14,1,0.108053,0.347556,0.666625,0.613671,0.309863,0.125420,0.884423,0.888585,1894252136
uq_qaoa,WS,0,14,2,0.150940,0.400297,0.602054,0.647454,0.345859,0.092122,0.878849,0.888585,1894252136
uq_qaoa,WS,0,14,3,0.136674,0.379688,0.632826,0.608024,0.338227,0.135731,0.895473,0.895473,1894252136
uq_qaoa,WS,0,14,4,0.137039,0.345592,0.667529,0.641382,0.347000,0.135951,0.883167,0.895473,1894252136
uq_qaoa,WS,0,14,5,0.102601,0.301985,0.673096,0.651359,0.359438,0.142049,0.876589,0.895473,1894252136
uq_qaoa,WS,0,14,6,0.303268,0.911213,0.790102,0.646388,0.424018,0.676201,0.694800,0.895473,1894252136
uq_qaoa,WS,0,14,7,1.699671,2.419529,1.192419,1.240028,0.584459,1.239302,0.686536,0.895473,1894252136
uq_qaoa,WS,0,14,8,2.079748,2.672346,1.147820,0.424711,0.433335,0.271163,0.658652,0.895473,1894252136
uq_qaoa,WS,0,14,9,0.455626,0.917337,1.058561,0.502607,0.494517,0.937780,0.595983,0.895473,1894252136
uq_qaoa,WS,0,14,10,0.289109,0.379688,0.632826,0.608024,0.338227,0.135731,0.876210,0.895473,1894252136
uq_qaoa,WS,0,14,11,0.000000,0.379688,0.632826,0.608024,0.338227,0.135731,0.892394,0.895473,1894252136
uq_qaoa,WS,0,14,12,0.136674,0.603794,0.632826,0.608024,0.338227,0.135731,0.909155,0.909155,1894252136
uq_qaoa,WS,0,14,13,0.136674,0.603794,0.856794,0.608024,0.338227,0.135731,0.911049,0.911049,1894252136
uq_qaoa,WS,0,14,14,0.136674,0.603794,0.856794,0.727328,0.338227,0.135731,0.895366,0.911049,1894252136
uq_qaoa,WS,0,14,15,0.136674,0.603794,0.856794,0.488720,0.338227,0.135731,0.915582,0.915582,1894252136
uq_qaoa,WS,0,14,16,0.136674,0.603794,0.856794,0.488720,0.479068,0.135731,0.887963,0.915582,1894252136
uq_qaoa,WS,0,14,17,0.136674,0.603794,0.856794,0.488720,0.197386,0.135731,0.882522,0.915582,1894252136
random,WS,1,14,0,2.092711,2.700507,1.578893,2.048425,1.759051,2.936581,0.640959,0.640959,619933289
random,WS,1,14,1,0.687400,2.463440,1.185024,1.837841,1.827351,0.759284,0.635107,0.640959,619933289
random,WS,1,14,2,2.569079,1.365245,2.866410,0.929930,1.615296,2.128147,0.654607,0.654607,619933289
random,WS,1,14,3,0.025995,2.605499,1.592943,0.438547,0.133578,0.791374,0.641598,0.654607,619933289
random,WS,1,14,4,2.640435,1.502957,1.940087,0.072172,0.523324,1.866517,0.576012,0.654607,619933289
random,WS,1,14,5,0.790476,2.156499,2.421881,1.834919,3.029931,2.087686,0.581539,0.654607,619933289
random,WS,1,14,6,1.041774,1.990776,3.060259,0.459557,0.706783,1.663119,0.645568,0.654607,619933289
random,WS,1,14,7,0.043244,0.132781,1.518418,0.730624,1.370472,2.364415,0.636535,0.654607,619933289
random,WS,1,14,8,2.949952,1.652070,1.164377,3.111509,0.237084,1.073072,0.730097,0.730097,619933289
random,WS,1,14,9,0.323786,0.963655,0.503264,1.453406,1.399597,1.358288,0.573514,0.730097,619933289
random,WS,1,14,10,3.034772,0.051792,0.155846,3.021288,2.235896,0.913843,0.644199,0.730097,619933289
random,WS,1,14,11,0.737902,0.062060,0.366274,0.132617,0.487714,0.044920,0.682399,0.730097,619933289
random,WS,1,14,12,2.535196,1.729535,2.231492,1.517822,2.914720,0.149886,0.680781,0.730097,619933289
random,WS,1,14,13,2.775475,1.518368,1.983089,2.755926,1.725039,0.537255,0.711427,0.730097,619933289
random,WS,1,14,14,2.452769,1.026142,2.051190,1.901974,0.494379,0.068568,0.596385,0.730097,619933289
random,WS,1,14,15,1.956525,1.639545,1.925565,1.156295,2.766374,0.714591,0.613690,0.730097,619933289
random,WS,1,14,16,0.890344,1.678565,1.453244,2.918201,1.624736,1.820536,0.533948,0.730097,619933289
random,WS,1,14,17,1.073532,2.865070,1.914912,0.347723,2.741175,0.115149,0.670251,0.730097,619933289
heuristic,WS,1,14,0,0.455626,0.917337,1.058561,0.502607,0.494517,0.937780,0.574950,0.574950,619933289
heuristic,WS,1,14,1,0.454998,1.048353,1.061242,0.403778,0.538067,0.867360,0.600841,0.600841,619933289
heuristic,WS,1,14,2,0.498497,0.943313,1.045134,0.478082,0.499398,0.904695,0.582195,0.600841,619933289
heuristic,WS,1,14,3,0.482814,0.871996,1.085777,0.516191,0.539819,0.995835,0.565273,0.600841,619933289
heuristic,WS,1,14,4,0.449930,0.927018,1.069405,0.438898,0.516184,0.895015,0.584106,0.600841,619933289
heuristic,WS,1,14,5,0.419776,0.885286,1.050294,0.537253,0.551053,0.849029,0.577238,0.600841,619933289
heuristic,WS,1,14,6,0.440640,0.901918,1.063077,0.510476,0.466369,1.025481,0.579506,0.600841,619933289
heuristic,WS,1,14,7,0.445008,0.908358,1.017479,0.498581,0.514868,0.870950,0.577553,0.600841,619933289
heuristic,WS,1,14,8,0.480740,0.899903,1.003164,0.534035,0.399064,0.953732,0.586859,0.600841,619933289
heuristic,WS,1,14,9,0.437036,0.952104,1.043296,0.487205,0.539864,0.984038,0.566543,0.600841,619933289
heuristic,WS,1,14,10,0.437750,0.927744,1.010925,0.508772,0.544201,0.933310,0.561063,0.600841,619933289
heuristic,WS,1,14,11,0.450400,0.978716,1.075696,0.506647,0.537742,0.948172,0.577748,0.600841,619933289
heuristic,WS,1,14,12,0.462979,0.907402,1.160353,0.547767,0.483467,0.846672,0.602413,0.602413,619933289
heuristic,WS,1,14,13,0.481975,0.834606,1.056611,0.518913,0.453259,1.041035,0.578649,0.602413,619933289
heuristic,WS,1,14,14,0.500557,0.894400,1.008793,0.473994,0.513945,0.874415,0.579032,0.602413,619933289
heuristic,WS,1,14,15,0.355160,0.944027,0.999320,0.596833,0.528624,0.937041,0.563039,0.602413,619933289
heuristic,WS,1,14,16,0.371224,0.904419,1.148955,0.421970,0.453895,1.013840,0.601711,0.602413,619933289
heuristic,WS,1,14,17,0.454501,0.931859,1.087765,0.448781,0.528655,0.939832,0.579528,0.602413,619933289
knn,WS,1,14,0,2.083329,1.249459,1.305700,0.518999,0.810110,0.990803,0.638213,0.638213,619933289
knn,WS,1,14,1,2.096159,1.237401,1.306254,0.510114,0.794933,0.981903,0.637983,0.638213,619933289
knn,WS,1,14,2,2.044773,1.278751,1.301232,0.513485,0.826079,0.986642,0.638639,0.638639,619933289
knn,WS,1,14,3,2.086088,1.258814,1.312475,0.480058,0.839379,0.943555,0.638426,0.638639,619933289
knn,WS,1,14,4,2.062778,1.237156,1.279002,0.521849,0.822484,1.006389,0.639107,0.639107,619933289
knn,WS,1,14,5,2.123960,1.218082,1.307992,0.564357,0.811447,0.993572,0.637440,0.639107,619933289
knn,WS,1,14,6,2.124290,1.263131,1.279773,0.502111,0.821842,1.004360,0.640357,0.640357,619933289
knn,WS,1,14,7,2.152485,1.226812,1.330705,0.525808,0.815856,0.962487,0.637572,0.640357,619933289
knn,WS,1,14,8,2.140956,1.274700,1.341287,0.518224,0.793863,0.976811,0.637448,0.640357,619933289
knn,WS,1,14,9,2.121841,1.238083,1.292325,0.513994,0.799344,1.021450,0.639137,0.640357,619933289
knn,WS,1,14,10,2.014484,1.255945,1.270783,0.540667,0.817873,0.951906,0.637828,0.640357,619933289
knn,WS,1,14,11,2.070799,1.199374,1.308730,0.555286,0.818591,1.018028,0.637433,0.640357,619933289
knn,WS,1,14,12,2.041034,1.219025,1.263925,0.531505,0.862009,0.918872,0.637897,0.640357,619933289
knn,WS,1,14,13,2.096252,1.241659,1.314796,0.511809,0.789706,1.050476,0.638528,0.640357,619933289
knn,WS,1,14,14,2.057999,1.228252,1.262670,0.567965,0.815003,0.986987,0.637858,0.640357,619933289
knn,WS,1,14,15,2.098809,1.203545,1.311660,0.514932,0.818077,1.024543,0.638602,0.640357,619933289
knn,WS,1,14,16,2.144310,1.263371,1.350675,0.568117,0.792968,1.047061,0.637243,0.640357,619933289
knn,WS,1,14,17,2.078339,1.252116,1.313088,0.511639,0.826053,0.953198,0.637801,0.640357,619933289
tqa,WS,1,14,0,0.125000,0.375000,0.625000,0.625000,0.375000,0.125000,0.843593,0.843593,619933289
tqa,WS,1,14,1,0.123328,0.321347,0.605771,0.627380,0.330385,0.150182,0.838739,0.843593,619933289
tqa,WS,1,14,2,0.105702,0.385393,0.685908,0.663391,0.376104,0.164553,0.855505,0.855505,619933289
tqa,WS,1,14,3,0.161521,0.387351,0.638308,0.624567,0.423853,0.161215,0.850574,0.855505,619933289
tqa,WS,1,14,4,0.126275,0.358864,0.659768,0.645140,0.375277,0.134739,0.841332,0.855505,619933289
tqa,WS,1,14,5,0.078342,0.377414,0.616187,0.610527,0.314541,0.141499,0.848961,0.855505,619933289
tqa,WS,1,14,6,0.155125,0.401894,0.643717,0.660718,0.361676,0.132766,0.847450,0.855505,619933289
tqa,WS,1,14,7,0.107122,0.364861,0.588884,0.617654,0.450493,0.138405,0.836332,0.855505,619933289
tqa,WS,1,14,8,0.111273,0.335759,0.572809,0.602839,0.358170,0.094816,0.824463,0.855505,619933289
tqa,WS,1,14,9,0.156855,0.384644,0.623014,0.613631,0.376658,0.104212,0.836312,0.855505,619933289
tqa,WS,1,14,10,0.108533,0.383530,0.617258,0.606684,0.355068,0.121173,0.846879,0.855505,619933289
tqa,WS,1,14,11,0.112156,0.393416,0.602458,0.562116,0.354841,0.141198,0.857101,0.857101,619933289
tqa,WS,1,14,12,0.052469,0.322597,0.671874,0.646165,0.383208,0.139332,0.841591,0.857101,619933289
tqa,WS,1,14,13,0.117677,0.358066,0.628929,0.616210,0.418754,0.136312,0.840618,0.857101,619933289
tqa,WS,1,14,14,0.133128,0.430871,0.631047,0.619289,0.322928,0.095408,0.845438,0.857101,619933289
tqa,WS,1,14,15,0.130906,0.372609,0.649190,0.623382,0.379686,0.081260,0.824312,0.857101,619933289
tqa,WS,1,14,16,0.140802,0.328430,0.608804,0.591677,0.383820,0.121962,0.829694,0.857101,619933289
tqa,WS,1,14,17,0.097084,0.348176,0.615248,0.683281,0.366322,0.061299,0.808482,0.857101,619933289
gnn_point,WS,1,14,0,0.660009,1.230746,1.691561,0.715995,0.086454,1.041933,0.567791,0.567791,619933289
gnn_point,WS,1,14,1,0.688088,1.127975,1.782752,0.717884,0.021099,1.008343,0.578635,0.578635,619933289
gnn_point,WS,1,14,2,0.681690,1.271088,1.688119,0.699808,0.013960,1.054628,0.563055,0.578635,619933289
gnn_point,WS,1,14,3,0.660346,1.175249,1.785309,0.686060,0.067331,1.011043,0.574011,0.578635,619933289
gnn_point,WS,1,14,4,0.589902,1.234579,1.681849,0.766793,0.027293,1.091346,0.539200,0.578635,619933289
gnn_point,WS,1,14,5,0.651032,1.243954,1.700229,0.746678,0.192294,1.067386,0.565582,0.578635,619933289
gnn_point,WS,1,14,6,0.634121,1.193936,1.721936,0.710179,0.107371,1.119097,0.560740,0.578635,619933289
gnn_point,WS,1,14,7,0.731820,1.290678,1.686484,0.726157,0.085489,1.117660,0.556621,0.578635,619933289
gnn_point,WS,1,14,8,0.688976,1.221450,1.605846,0.788509,0.097822,1.025975,0.582347,0.582347,619933289
gnn_point,WS,1,14,9,0.606017,1.175379,1.706037,0.709280,0.004209,1.178186,0.549177,0.582347,619933289
gnn_point,WS,1,14,10,0.652727,1.187505,1.621862,0.657998,0.090926,1.075779,0.592850,0.592850,619933289
gnn_point,WS,1,14,11,0.679846,1.288116,1.744855,0.768549,0.069318,1.086973,0.541326,0.592850,619933289
gnn_point,WS,1,14,12,0.711227,1.244491,1.748001,0.711823,0.166095,1.047347,0.576292,0.592850,619933289
gnn_point,WS,1,14,13,0.699560,1.286456,1.743660,0.710609,0.154753,1.029970,0.573367,0.592850,619933289
gnn_point,WS,1,14,14,0.642567,1.214712,1.732289,0.674842,0.066426,0.996782,0.576213,0.592850,619933289
gnn_point,WS,1,14,15,0.691450,1.295538,1.716940,0.798625,0.056862,0.946340,0.585686,0.592850,619933289
gnn_point,WS,1,14,16,0.545657,1.352914,1.737627,0.697655,0.083298,0.980715,0.568251,0.592850,619933289
gnn_point,WS,1,14,17,0.693755,1.279600,1.664776,0.846231,0.086872,1.034328,0.561050,0.592850,619933289
uq_qaoa,WS,1,14,0,0.125000,0.375000,0.625000,0.625000,0.375000,0.125000,0.843593,0.843593,619933289
uq_qaoa,WS,1,14,1,0.123328,0.321347,0.605771,0.627380,0.330385,0.150182,0.838739,0.843593,619933289
uq_qaoa,WS,1,14,2,0.105702,0.385393,0.685908,0.663391,0.376104,0.164553,0.855505,0.855505,619933289
uq_qaoa,WS,1,14,3,0.161521,0.387351,0.638308,0.624567,0.423853,0.161215,0.850574,0.855505,619933289
uq_qaoa,WS,1,14,4,0.126275,0.358864,0.659768,0.645140,0.375277,0.134739,0.841332,0.855505,619933289
uq_qaoa,WS,1,14,5,0.078342,0.377414,0.616187,0.610527,0.314541,0.141499,0.848961,0.855505,619933289
uq_qaoa,WS,1,14,6,0.164744,0.638846,0.930532,0.541474,0.371518,0.904502,0.579648,0.855505,619933289
uq_qaoa,WS,1,14,7,0.660009,1.230746,1.691561,0.715995,0.086454,1.041933,0.567791,0.855505,619933289
uq_qaoa,WS,1,14,8,0.484124,0.943595,1.090127,0.181110,0.433335,1.280911,0.657543,0.855505,619933289
uq_qaoa,WS,1,14,9,0.455626,0.917337,1.058561,0.502607,0.494517,0.937780,0.574950,0.855505,619933289
uq_qaoa,WS,1,14,10,0.262016,0.385393,0.685908,0.663391,0.376104,0.164553,0.836498,0.855505,619933289
uq_qaoa,WS,1,14,11,0.000000,0.385393,0.685908,0.663391,0.376104,0.164553,0.855220,0.855505,619933289
uq_qaoa,WS,1,14,12,0.105702,0.596405,0.685908,0.663391,0.376104,0.164553,0.861443,0.861443,619933289
uq_qaoa,WS,1,14,13,0.105702,0.596405,0.887554,0.663391,0.376104,0.164553,0.859611,0.861443,619933289
uq_qaoa,WS,1,14,14,0.105702,0.596405,0.484262,0.663391,0.376104,0.164553,0.842695,0.861443,619933289
uq_qaoa,WS,1,14,15,0.105702,0.596405,0.685908,0.777807,0.376104,0.164553,0.849096,0.861443,619933289
uq_qaoa,WS,1,14,16,0.105702,0.596405,0.685908,0.548974,0.376104,0.164553,0.866495,0.866495,619933289
uq_qaoa,WS,1,14,17,0.105702,0.596405,0.685908,0.548974,0.520808,0.164553,0.839053,0.866495,619933289
